Trip ID,Trip,Reason,Date,Type,Product,Debtor,Lander,Currency,Rate,Monto,Monto LPS,Monto USD
T002,SPS Sep 2026,Airbnb,2026-09-04,Amenidades,Airbnb,Todos,Jimmy,$,27.0,260.19,7025.13,260.19
T002,SPS Sep 2026,Wendys,2026-09-04,Restaurantes,BAC MUSH M,Ken,Jimmy,L,27.0,239.0,239.0,8.851851851851851
T002,SPS Sep 2026,Wendys,2026-09-04,Restaurantes,DAVE C,Jimmy,Jimmy,L,27.0,219.0,219.0,8.11111111111111
T002,SPS Sep 2026,Wendys,2026-09-04,Restaurantes,AGRANDADO,Ken,Jimmy,L,27.0,26.0,26.0,0.9629629629629629
T002,SPS Sep 2026,Wendys,2026-09-04,Restaurantes,#8 10 NUGG,Megan,Jimmy,L,27.0,189.0,189.0,7.0
T002,SPS Sep 2026,Wendys,2026-09-04,Restaurantes,WRAPS POLL,Kevin,Jimmy,L,27.0,199.0,199.0,7.37037037037037
T002,SPS Sep 2026,Wendys,2026-09-04,Restaurantes,QUESIHAMBU,Kevin,Jimmy,L,27.0,149.0,149.0,5.518518518518518
T002,SPS Sep 2026,Pedidos Ya,2026-09-04,Compras Super,Agua y Fresco,Todos,Kevin,L,27.0,351.31,351.31,13.011481481481482
T002,SPS Sep 2026,Expresso Americano,2026-09-05,Restaurantes,Caffe Latte 12 Oz,Jimmy,Jimmy,L,27.0,95.0,95.0,3.5185185185185186
T002,SPS Sep 2026,Expresso Americano,2026-09-05,Restaurantes,Caffe Latte 16 Oz,Kevin,Jimmy,L,27.0,77.0,77.0,2.8518518518518516
T002,SPS Sep 2026,Expresso Americano,2026-09-05,Restaurantes,Americano Frio de 12 Oz,Ken,Jimmy,L,27.0,50.0,50.0,1.8518518518518519
T002,SPS Sep 2026,Expresso Americano,2026-09-05,Restaurantes,English Muffin Salchicha y Huevo,Kevin,Jimmy,L,27.0,71.0,71.0,2.6296296296296298
T002,SPS Sep 2026,Expresso Americano,2026-09-05,Restaurantes,Refresher Fresa Con Limon 16 Oz,Megan,Jimmy,L,27.0,80.0,80.0,2.962962962962963
T002,SPS Sep 2026,Brisa Marina,2026-09-05,Restaurantes,Filete de pez,Jimmy,Jimmy,L,27.0,350.0,350.0,12.962962962962964
T002,SPS Sep 2026,Brisa Marina,2026-09-05,Restaurantes,Coca Zero,Jimmy,Jimmy,L,27.0,35.0,35.0,1.2962962962962963
T002,SPS Sep 2026,Brisa Marina,2026-09-05,Restaurantes,Coca Zero,Kevin,Jimmy,L,27.0,35.0,35.0,1.2962962962962963
T002,SPS Sep 2026,Brisa Marina,2026-09-05,Restaurantes,Coca Zero,Megan,Jimmy,L,27.0,35.0,35.0,1.2962962962962963
T002,SPS Sep 2026,Brisa Marina,2026-09-05,Restaurantes,Hamburguesa,Megan,Jimmy,L,27.0,250.0,250.0,9.25925925925926
T002,SPS Sep 2026,Brisa Marina,2026-09-05,Restaurantes,Pollo,Kevin,Jimmy,L,27.0,230.0,230.0,8.518518518518519
T002,SPS Sep 2026,Brisa Marina,2026-09-05,Restaurantes,Coca Normal,Ken,Jimmy,L,27.0,35.0,35.0,1.2962962962962963
T002,SPS Sep 2026,Brisa Marina,2026-09-05,Restaurantes,Camarón,Ken,Jimmy,L,27.0,330.0,330.0,12.222222222222221
T002,SPS Sep 2026,Brisa Marina,2026-09-05,Restaurantes,Michelada,Ken,Jimmy,L,27.0,160.0,160.0,5.925925925925926
T002,SPS Sep 2026,Brisa Marina,2026-09-05,Restaurantes,Agua,Kevin,Jimmy,L,27.0,35.0,35.0,1.2962962962962963
T002,SPS Sep 2026,Brisa Marina,2026-09-05,Restaurantes,Propina,Todos,Jimmy,L,27.0,50.0,50.0,1.8518518518518519
T002,SPS Sep 2026,Playa,2026-09-05,Entretenimiento,Entrada Playa,Todos,Ken,L,27.0,400.0,400.0,14.814814814814815
T002,SPS Sep 2026,Cover,2026-09-05,Entretenimiento,JB+1D,Todos,Jimmy,L,27.0,600.0,600.0,22.22222222222222
T002,SPS Sep 2026,CityPark,2026-09-05,Restaurantes,NACHOS,Todos,Jimmy,L,27.0,250.0,250.0,9.25925925925926
T002,SPS Sep 2026,CityPark,2026-09-05,Restaurantes,SALVA VIDA 1,Ken,Jimmy,L,27.0,210.0,210.0,7.777777777777778
T002,SPS Sep 2026,CityPark,2026-09-05,Restaurantes,SALVA VIDA 2,Kevin,Jimmy,L,27.0,210.0,210.0,7.777777777777778
T002,SPS Sep 2026,CityPark,2026-09-05,Restaurantes,BOTE CON AGUA 1,Kevin,Jimmy,L,27.0,75.0,75.0,2.7777777777777777
T002,SPS Sep 2026,CityPark,2026-09-05,Restaurantes,BOTE CON AGUA 2,Jimmy,Jimmy,L,27.0,75.0,75.0,2.7777777777777777
T002,SPS Sep 2026,CityPark,2026-09-05,Restaurantes,MARGARITA LIMON,Megan,Jimmy,L,27.0,360.0,360.0,13.333333333333334
T002,SPS Sep 2026,CityPark,2026-09-05,Restaurantes,PIÑA COLADA,Jimmy,Jimmy,L,27.0,180.0,180.0,6.666666666666667
T002,SPS Sep 2026,CityPark,2026-09-05,Restaurantes,LONG ISLAND 1,Kevin,Jimmy,L,27.0,180.0,180.0,6.666666666666667
T002,SPS Sep 2026,CityPark,2026-09-05,Restaurantes,LONG ISLAND 2,Jimmy,Jimmy,L,27.0,180.0,180.0,6.666666666666667
T002,SPS Sep 2026,CityPark,2026-09-05,Restaurantes,PROPINA,Todos,Jimmy,L,27.0,170.04,170.04,6.297777777777777
T002,SPS Sep 2026,Uber CityPark,2026-09-05,Transporte,Uber,Todos,Megan,L,27.0,135.98,135.98,5.036296296296296
T002,SPS Sep 2026,Uber CityPark,2026-09-05,Transporte,Uber,Todos,Jimmy,L,27.0,92.0,92.0,3.4074074074074074
T002,SPS Sep 2026,Uber CityPark,2026-09-05,Transporte,Uber,Todos,Megan,L,27.0,91.12,91.12,3.374814814814815
T002,SPS Sep 2026,iHop,2026-09-06,Restaurantes,Breakfast Sampler,Jimmy,Jimmy,L,27.0,275.0,275.0,10.185185185185185
T002,SPS Sep 2026,iHop,2026-09-06,Restaurantes,Strawberry Lemonade Splash,Megan,Jimmy,L,27.0,75.0,75.0,2.7777777777777777
T002,SPS Sep 2026,iHop,2026-09-06,Restaurantes,Te Helado,Jimmy,Jimmy,L,27.0,75.0,75.0,2.7777777777777777
T002,SPS Sep 2026,iHop,2026-09-06,Restaurantes,Burrito de 3 Carnes,Megan,Jimmy,L,27.0,285.0,285.0,10.555555555555555
T002,SPS Sep 2026,iHop,2026-09-06,Restaurantes,Burrito Con Chorizo,Ken,Jimmy,L,27.0,89.0,89.0,3.2962962962962963
T002,SPS Sep 2026,iHop,2026-09-06,Restaurantes,Horchata Mucho,Ken,Jimmy,L,27.0,89.0,89.0,3.2962962962962963
T002,SPS Sep 2026,iHop,2026-09-06,Restaurantes,New York Cheesecake Pancake,Ken,Jimmy,L,27.0,175.0,175.0,6.481481481481482
T002,SPS Sep 2026,iHop,2026-09-06,Restaurantes,Never Empty Coffee,Ken,Jimmy,L,27.0,45.0,45.0,1.6666666666666667
T002,SPS Sep 2026,iHop,2026-09-06,Restaurantes,Philly Cheese Steak Stacker,Kevin,Jimmy,L,27.0,299.0,299.0,11.074074074074074
T002,SPS Sep 2026,iHop,2026-09-06,Restaurantes,Cafe Latte,Kevin,Jimmy,L,27.0,45.0,45.0,1.6666666666666667
T002,SPS Sep 2026,iHop,2026-09-06,Restaurantes,Leche Deslactosada,Kevin,Jimmy,L,27.0,5.0,5.0,0.18518518518518517
T002,SPS Sep 2026,Starbucks ,2026-09-06,Restaurantes,Iced Caramel Macchiato,Ken,Jimmy,L,27.0,116.0,116.0,4.296296296296297
T002,SPS Sep 2026,Starbucks ,2026-09-06,Restaurantes,Strawberry Cream Frappuccino,Kevin,Jimmy,L,27.0,137.0,137.0,5.074074074074074
T002,SPS Sep 2026,Starbucks ,2026-09-06,Restaurantes,Mango Dragon Lemon,Jimmy,Jimmy,L,27.0,151.0,151.0,5.592592592592593
T002,SPS Sep 2026,Starbucks ,2026-09-06,Restaurantes,Iced Chai Latte XL,Megan,Jimmy,L,27.0,130.0,130.0,4.814814814814815
T002,SPS Sep 2026,KatraChamoy,2026-09-06,Restaurantes,Pollo Chuco,Todos,Jimmy,L,27.0,285.0,285.0,10.555555555555555
T002,SPS Sep 2026,Gasolina,2026-09-06,Restaurantes,Gasolina Ida,Todos,Jimmy,L,27.0,1800.0,1800.0,66.66666666666667
T002,SPS Sep 2026,Gasolina,2026-09-06,Restaurantes,Gasolina Vuelta,Todos,Jimmy,L,27.0,823.0,823.0,30.48148148148148
T001,ESV Shakira 2026,Combustible,2026-02-06,Combustible,Gasolina Ida,Todos,Jimmy,L,26.42,752.93,752.93,28.498485995457983
T001,ESV Shakira 2026,Pollo Campestre,2026-02-06,Restaurantes,Menu Campestre,Ken,Jimmy,$,26.42,6.65,175.693,6.65
T001,ESV Shakira 2026,Pollo Campestre,2026-02-06,Restaurantes,Vaso Campestre Frutas,Dayana,Jimmy,$,26.42,2.65,70.013,2.65
T001,ESV Shakira 2026,Pollo Campestre,2026-02-06,Restaurantes,Menu Campestre,Megan,Jimmy,$,26.42,6.65,175.693,6.65
T001,ESV Shakira 2026,Pollo Campestre,2026-02-06,Restaurantes,Super Campestre,Jimmy,Jimmy,$,26.42,8.1,214.002,8.1
T001,ESV Shakira 2026,Pollo Campestre,2026-02-06,Restaurantes,Orden de Chili,Jimmy,Jimmy,$,26.42,0.99,26.155800000000003,0.99
T001,ESV Shakira 2026,Pollo Campestre,2026-02-06,Restaurantes,Aderezos,Jimmy,Jimmy,$,26.42,0.99,26.155800000000003,0.99
T001,ESV Shakira 2026,Pollo Campestre,2026-02-06,Restaurantes,Sandwich Ciabatta,Kevin,Jimmy,$,26.42,6.99,184.6758,6.99
T001,ESV Shakira 2026,Pollo Campestre,2026-02-06,Restaurantes,Papas Ga,Kevin,Jimmy,$,26.42,0.5,13.21,0.5
T001,ESV Shakira 2026,New Fashion,2026-02-06,Souvenires,Lapiz Italia Expresso,Dayana,Jimmy,$,26.42,0.8,21.136000000000003,0.8
T001,ESV Shakira 2026,New Fashion,2026-02-06,Souvenires,Lapiz Italia Cabaret,Dayana,Jimmy,$,26.42,0.8,21.136000000000003,0.8
T001,ESV Shakira 2026,Super Selectos,2026-02-06,Compras Super,McCormick Manzana,Todos,Jimmy,$,26.42,1.88,49.6696,1.88
T001,ESV Shakira 2026,Super Selectos,2026-02-06,Compras Super,2 Gaseosas UVA Lata 35,Todos,Jimmy,$,26.42,1.3,34.346000000000004,1.3
T001,ESV Shakira 2026,Super Selectos,2026-02-06,Compras Super,Agua La Fuente 378g,Todos,Jimmy,$,26.42,1.0,26.42,1.0
T001,ESV Shakira 2026,Super Selectos,2026-02-06,Compras Super,Aceite de Oliva Extra,Todos,Jimmy,$,26.42,2.5,66.05000000000001,2.5
T001,ESV Shakira 2026,Super Selectos,2026-02-06,Compras Super,Jugo Sula Naranja,Todos,Jimmy,$,26.42,3.63,95.9046,3.63
T001,ESV Shakira 2026,Super Selectos,2026-02-06,Compras Super,Mostaza Hellmann’s 20,Todos,Jimmy,$,26.42,1.73,45.7066,1.73
T001,ESV Shakira 2026,Super Selectos,2026-02-06,Compras Super,Plato Terno FDM Bio,Todos,Jimmy,$,26.42,1.12,29.590400000000006,1.12
T001,ESV Shakira 2026,Super Selectos,2026-02-06,Compras Super,6 Pack Cerveza Pilsener,Ken,Jimmy,$,26.42,7.55,199.471,7.55
T001,ESV Shakira 2026,Super Selectos,2026-02-06,Compras Super,Jabón Dove Original,Kevin,Jimmy,$,26.42,1.99,52.5758,1.99
T001,ESV Shakira 2026,Super Selectos,2026-02-06,Compras Super,2 Pack Frijol Borr. C,Todos,Jimmy,$,26.42,1.25,33.025000000000006,1.25
T001,ESV Shakira 2026,Super Selectos,2026-02-06,Compras Super,Vaso Biodegradable,Todos,Jimmy,$,26.42,0.99,26.155800000000003,0.99
T001,ESV Shakira 2026,Super Selectos,2026-02-06,Compras Super,Huevo La Catalana Med,Todos,Jimmy,$,26.42,3.0,79.26,3.0
T001,ESV Shakira 2026,Super Selectos,2026-02-06,Compras Super,Lechuga Repollada (lb),Todos,Jimmy,$,26.42,1.24,32.7608,1.24
T001,ESV Shakira 2026,Super Selectos,2026-02-06,Compras Super,Banano (1.03 kg),Todos,Jimmy,$,26.42,0.79,20.871800000000004,0.79
T001,ESV Shakira 2026,Super Selectos,2026-02-06,Compras Super,Tomate de Cocina (lb),Todos,Jimmy,$,26.42,0.82,21.6644,0.82
T001,ESV Shakira 2026,Super Selectos,2026-02-06,Compras Super,Crema Dental Colgate,Ken,Jimmy,$,26.42,1.3,34.346000000000004,1.3
T001,ESV Shakira 2026,Super Selectos,2026-02-06,Compras Super,Manzana Mixta #150,Todos,Jimmy,$,26.42,2.74,72.39080000000001,2.74
T001,ESV Shakira 2026,Super Selectos,2026-02-06,Compras Super,Gaseosa Coca Cola 1L,Todos,Jimmy,$,26.42,1.3,34.346000000000004,1.3
T001,ESV Shakira 2026,Super Selectos,2026-02-06,Compras Super,Yogurt Griego Yes Na,Jimmy,Jimmy,$,26.42,1.1,29.062000000000005,1.1
T001,ESV Shakira 2026,Super Selectos,2026-02-06,Compras Super,Sorelli Vinagre Puro,Todos,Jimmy,$,26.42,0.76,20.0792,0.76
T001,ESV Shakira 2026,Super Selectos,2026-02-06,Compras Super,Jamón de Pavo Kreef,Todos,Jimmy,$,26.42,5.17,136.5914,5.17
T001,ESV Shakira 2026,Super Selectos,2026-02-06,Compras Super,Leche LTO Delactomy,Todos,Jimmy,$,26.42,2.11,55.7462,2.11
T001,ESV Shakira 2026,Super Selectos,2026-02-06,Compras Super,Toalla Húmeda Saba,Dayana,Jimmy,$,26.42,1.69,44.6498,1.69
T001,ESV Shakira 2026,Super Selectos,2026-02-06,Compras Super,Gaseosa Coca Cola SF,Todos,Jimmy,$,26.42,1.1,29.062000000000005,1.1
T001,ESV Shakira 2026,Super Selectos,2026-02-06,Compras Super,Jabón de Tocador DK,Todos,Jimmy,$,26.42,0.99,26.155800000000003,0.99
T001,ESV Shakira 2026,Super Selectos,2026-02-06,Compras Super,Yog Dos Pinos Griego,Megan,Jimmy,$,26.42,1.44,38.0448,1.44
T001,ESV Shakira 2026,Super Selectos,2026-02-06,Compras Super,Bloqueador Solar SPF,Todos,Jimmy,$,26.42,7.25,191.54500000000002,7.25
T001,ESV Shakira 2026,Super Selectos,2026-02-06,Compras Super,Sandwich Slices Amer,Todos,Jimmy,$,26.42,1.22,32.2324,1.22
T001,ESV Shakira 2026,Super Selectos,2026-02-06,Compras Super,Mayonesa Hellmann’s,Todos,Jimmy,$,26.42,2.05,54.161,2.05
T001,ESV Shakira 2026,Super Selectos,2026-02-06,Compras Super,Bebida Hidratante Suer,Jimmy,Jimmy,$,26.42,2.25,59.44500000000001,2.25
T001,ESV Shakira 2026,Super Selectos,2026-02-06,Compras Super,Pan Bimbo Blanco Cero,Todos,Jimmy,$,26.42,2.55,67.371,2.55
T001,ESV Shakira 2026,Maktub,2026-02-06,Compras Super,Descuentos,Todos,Jimmy,$,26.42,-1.32,-34.8744,-1.32
T001,ESV Shakira 2026,Maktub,2026-02-06,Restaurantes,Pupusa Revuelta Maíz,Megan,Jimmy,$,26.42,0.85,22.457,0.85
T001,ESV Shakira 2026,Maktub,2026-02-06,Restaurantes,Pupusa Tocino Maíz,Megan,Jimmy,$,26.42,1.5,39.63,1.5
T001,ESV Shakira 2026,Maktub,2026-02-06,Restaurantes,Pupusa Chorizo Argentino y Queso,Megan,Jimmy,$,26.42,1.75,46.235,1.75
T001,ESV Shakira 2026,Maktub,2026-02-06,Restaurantes,Pupusa Chorizo Argentino y Queso,Jimmy,Jimmy,$,26.42,1.75,46.235,1.75
T001,ESV Shakira 2026,Maktub,2026-02-06,Restaurantes,Pupusa Chorizo Argentino y Queso,Kevin,Jimmy,$,26.42,1.75,46.235,1.75
T001,ESV Shakira 2026,Maktub,2026-02-06,Restaurantes,Pepsi Zero,Megan,Jimmy,$,26.42,1.0,26.42,1.0
T001,ESV Shakira 2026,Maktub,2026-02-06,Restaurantes,Pupusa Jalapeño y Queso Maíz,Dayana,Jimmy,$,26.42,1.25,33.025000000000006,1.25
T001,ESV Shakira 2026,Maktub,2026-02-06,Restaurantes,Pupusa Revuelta Especial Maíz,Jimmy,Jimmy,$,26.42,1.5,39.63,1.5
T001,ESV Shakira 2026,Maktub,2026-02-06,Restaurantes,Pupusa Revuelta Especial Maíz,Kevin,Jimmy,$,26.42,1.5,39.63,1.5
T001,ESV Shakira 2026,Maktub,2026-02-06,Restaurantes,Pupusa Revuelta Especial Maíz,Dayana,Jimmy,$,26.42,1.5,39.63,1.5
T001,ESV Shakira 2026,Maktub,2026-02-06,Restaurantes,Pupusa Revuelta Especial Maíz,Ken,Jimmy,$,26.42,1.5,39.63,1.5
T001,ESV Shakira 2026,Maktub,2026-02-06,Restaurantes,Horchata,Jimmy,Jimmy,$,26.42,2.0,52.84,2.0
T001,ESV Shakira 2026,Maktub,2026-02-06,Restaurantes,Horchata,Kevin,Jimmy,$,26.42,2.0,52.84,2.0
T001,ESV Shakira 2026,Maktub,2026-02-06,Restaurantes,Horchata,Dayana,Jimmy,$,26.42,2.0,52.84,2.0
T001,ESV Shakira 2026,Maktub,2026-02-06,Restaurantes,Pupusa con Carne Asada Maíz,Ken,Jimmy,$,26.42,1.5,39.63,1.5
T001,ESV Shakira 2026,Maktub,2026-02-06,Restaurantes,Pupusa con Carne Asada Maíz,Jimmy,Jimmy,$,26.42,1.5,39.63,1.5
T001,ESV Shakira 2026,Maktub,2026-02-06,Restaurantes,Pupusa Pollo y Queso Maíz,Ken,Jimmy,$,26.42,1.5,39.63,1.5
T001,ESV Shakira 2026,Maktub,2026-02-06,Restaurantes,Pepsi,Ken,Jimmy,$,26.42,1.0,26.42,1.0
T001,ESV Shakira 2026,Maktub,2026-02-06,Restaurantes,Pupusa Birria Maíz,Kevin,Jimmy,$,26.42,2.5,66.05000000000001,2.5
T001,ESV Shakira 2026,Maktub,2026-02-06,Restaurantes,Pupusa Margarita Maíz,Kevin,Jimmy,$,26.42,2.0,52.84,2.0
T001,ESV Shakira 2026,Maktub,2026-02-06,Restaurantes,Pupusa Queso y Cilantro Maíz,Jimmy,Jimmy,$,26.42,1.25,33.025000000000006,1.25
T001,ESV Shakira 2026,Maktub,2026-02-06,Restaurantes,Servicio,Todos,Jimmy,$,26.42,3.31,87.45020000000001,3.31
T001,ESV Shakira 2026,Olive Garden,2026-02-07,Restaurantes,Chicken Alfredo,Jimmy,Jimmy,$,26.42,15.99,422.4558,15.99
T001,ESV Shakira 2026,Olive Garden,2026-02-07,Restaurantes,Sirloin with Fettuccine Alfredo,Kevin,Jimmy,$,26.42,17.95,474.23900000000003,17.95
T001,ESV Shakira 2026,Olive Garden,2026-02-07,Restaurantes,Shrimp Alfredo,Dayana,Jimmy,$,26.42,17.99,475.2958,17.99
T001,ESV Shakira 2026,Olive Garden,2026-02-07,Restaurantes,Tour of Italy,Ken,Jimmy,$,26.42,17.95,474.23900000000003,17.95
T001,ESV Shakira 2026,Olive Garden,2026-02-07,Restaurantes,Chicken Parmigiana,Megan,Jimmy,$,26.42,15.95,421.399,15.95
T001,ESV Shakira 2026,Olive Garden,2026-02-07,Restaurantes,Soda,Kevin,Jimmy,$,26.42,2.99,78.99580000000002,2.99
T001,ESV Shakira 2026,Olive Garden,2026-02-07,Restaurantes,Soda,Jimmy,Jimmy,$,26.42,2.99,78.99580000000002,2.99
T001,ESV Shakira 2026,Olive Garden,2026-02-07,Restaurantes,Soda,Ken,Jimmy,$,26.42,2.99,78.99580000000002,2.99
T001,ESV Shakira 2026,Olive Garden,2026-02-07,Restaurantes,Mocktail Strawberry Mojito,Dayana,Jimmy,$,26.42,2.99,78.99580000000002,2.99
T001,ESV Shakira 2026,Olive Garden,2026-02-07,Restaurantes,Limonada con Soda,Megan,Jimmy,$,26.42,3.75,99.075,3.75
T001,ESV Shakira 2026,Olive Garden,2026-02-07,Restaurantes,Café Toscano,Todos,Jimmy,$,26.42,2.75,72.655,2.75
T001,ESV Shakira 2026,Olive Garden,2026-02-07,Restaurantes,Servicio,Todos,Jimmy,$,26.42,9.23,243.85660000000001,9.23
T001,ESV Shakira 2026,Bershka,2026-02-07,Souvenires,Gorra,Ken,Jimmy,$,26.42,8.95,236.459,8.95
T001,ESV Shakira 2026,Megapaca,2026-02-07,Ropa,Short,Jimmy,Jimmy,$,26.42,3.0,79.26,3.0
T001,ESV Shakira 2026,Megapaca,2026-02-07,Ropa,Cinchos,Ken,Jimmy,$,26.42,1.9,50.198,1.9
T001,ESV Shakira 2026,Megapaca,2026-02-07,Ropa,Pañuelos,Ken,Jimmy,$,26.42,0.85,22.457,0.85
T001,ESV Shakira 2026,Megapaca,2026-02-07,Ropa,Zapatos,Jimmy,Jimmy,$,26.42,7.15,188.90300000000002,7.15
T001,ESV Shakira 2026,Megapaca,2026-02-07,Ropa,Sandalias,Dayana,Jimmy,$,26.42,1.85,48.877,1.85
T001,ESV Shakira 2026,La Nevería,2026-02-07,Restaurantes,Cafe Mocca,Ken,Jimmy,$,26.42,2.5,66.05000000000001,2.5
T001,ESV Shakira 2026,La Nevería,2026-02-07,Restaurantes,Smoothie de Yogurt,Kevin,Jimmy,$,26.42,3.0,79.26,3.0
T001,ESV Shakira 2026,La Nevería,2026-02-07,Restaurantes,Smoothie de Yogurt,Megan,Jimmy,$,26.42,3.0,79.26,3.0
T001,ESV Shakira 2026,La Nevería,2026-02-07,Restaurantes,Smoothie de Yogurt,Jimmy,Jimmy,$,26.42,3.0,79.26,3.0
T001,ESV Shakira 2026,La Nevería,2026-02-07,Compras Super,Tortilla Jalapeña DI,Todos,Jimmy,$,26.42,2.1,55.482000000000006,2.1
T001,ESV Shakira 2026,La Nevería,2026-02-07,Compras Super,Agua Cristal 1L PET,Kevin,Jimmy,$,26.42,0.65,17.173000000000002,0.65
T001,ESV Shakira 2026,La Nevería,2026-02-07,Compras Super,Agua Cristal 1L PET,Ken,Jimmy,$,26.42,0.65,17.173000000000002,0.65
T001,ESV Shakira 2026,La Nevería,2026-02-07,Compras Super,Agua Cristal 1L PET,Jimmy,Jimmy,$,26.42,0.65,17.173000000000002,0.65
T001,ESV Shakira 2026,La Nevería,2026-02-07,Compras Super,Agua Cristal 1L PET,Megan,Jimmy,$,26.42,0.65,17.173000000000002,0.65
T001,ESV Shakira 2026,La Nevería,2026-02-07,Compras Super,Agua Cristal 1L PET,Dayana,Jimmy,$,26.42,0.65,17.173000000000002,0.65
T001,ESV Shakira 2026,La Nevería,2026-02-07,Compras Super,6 Pack Cerveza Pilsener,Ken,Jimmy,$,26.42,7.55,199.471,7.55
T001,ESV Shakira 2026,La Nevería,2026-02-07,Compras Super,Caramelo Halls Yerba,Megan,Jimmy,$,26.42,0.9,23.778000000000002,0.9
T001,ESV Shakira 2026,La Nevería,2026-02-07,Compras Super,Galleta Florentinas,Dayana,Jimmy,$,26.42,1.05,27.741000000000003,1.05
T001,ESV Shakira 2026,La Nevería,2026-02-07,Compras Super,Bebida Supl. Alimenticia,Megan,Jimmy,$,26.42,0.5,13.21,0.5
T001,ESV Shakira 2026,El Tunco,2026-02-07,Compras Super,Off,Todos,Jimmy,$,26.42,7.4,195.508,7.4
T001,ESV Shakira 2026,El Tunco,2026-02-07,Amenidades,Baños,Todos,Jimmy,$,26.42,5.0,132.10000000000002,5.0
T001,ESV Shakira 2026,El Tunco,2026-02-07,Restaurantes,Pupusa,Kevin,Jimmy,$,26.42,1.5,39.63,1.5
T001,ESV Shakira 2026,El Tunco,2026-02-07,Restaurantes,Pupusa,Kevin,Jimmy,$,26.42,1.5,39.63,1.5
T001,ESV Shakira 2026,El Tunco,2026-02-07,Restaurantes,Pupusa,Kevin,Jimmy,$,26.42,1.5,39.63,1.5
T001,ESV Shakira 2026,El Tunco,2026-02-07,Restaurantes,Pupusa,Jimmy,Jimmy,$,26.42,1.5,39.63,1.5
T001,ESV Shakira 2026,El Tunco,2026-02-07,Restaurantes,Pupusa,Jimmy,Jimmy,$,26.42,1.5,39.63,1.5
T001,ESV Shakira 2026,El Tunco,2026-02-07,Restaurantes,Pupusa,Jimmy,Jimmy,$,26.42,1.5,39.63,1.5
T001,ESV Shakira 2026,El Tunco,2026-02-07,Restaurantes,Pupusa,Ken,Jimmy,$,26.42,1.5,39.63,1.5
T001,ESV Shakira 2026,El Tunco,2026-02-07,Restaurantes,Pupusa,Ken,Jimmy,$,26.42,1.5,39.63,1.5
T001,ESV Shakira 2026,El Tunco,2026-02-07,Restaurantes,Pupusa,Dayana,Jimmy,$,26.42,1.5,39.63,1.5
T001,ESV Shakira 2026,El Tunco,2026-02-07,Restaurantes,Pupusa,Megan,Jimmy,$,26.42,1.5,39.63,1.5
T001,ESV Shakira 2026,El Tunco,2026-02-07,Restaurantes,Pupusa,Megan,Jimmy,$,26.42,1.25,33.025000000000006,1.25
T001,ESV Shakira 2026,El Tunco,2026-02-07,Restaurantes,Fresco,Kevin,Jimmy,$,26.42,1.25,33.025000000000006,1.25
T001,ESV Shakira 2026,El Tunco,2026-02-07,Restaurantes,Fresco,Ken,Jimmy,$,26.42,1.25,33.025000000000006,1.25
T001,ESV Shakira 2026,El Tunco,2026-02-07,Restaurantes,Fresco,Megan,Jimmy,$,26.42,1.25,33.025000000000006,1.25
T001,ESV Shakira 2026,El Tunco,2026-02-07,Restaurantes,Fresco,Jimmy,Jimmy,$,26.42,1.25,33.025000000000006,1.25
T001,ESV Shakira 2026,El Tunco,2026-02-07,Restaurantes,Jamaica,Dayana,Jimmy,$,26.42,2.0,52.84,2.0
T001,ESV Shakira 2026,El Tunco,2026-02-07,Entretenimiento,Cover Kakos,Todos,Jimmy,$,26.42,25.0,660.5,25.0
T001,ESV Shakira 2026,El Tunco,2026-02-07,Restaurantes,Cervezas,Ken,Jimmy,$,26.42,8.0,211.36,8.0
T001,ESV Shakira 2026,El Tunco,2026-02-07,Restaurantes,Cervezas,Megan,Jimmy,$,26.42,5.0,132.10000000000002,5.0
T001,ESV Shakira 2026,El Tunco,2026-02-07,Amenidades,Duchas,Jimmy,Jimmy,$,26.42,1.0,26.42,1.0
T001,ESV Shakira 2026,El Tunco,2026-02-07,Amenidades,Duchas,Ken,Jimmy,$,26.42,1.0,26.42,1.0
T001,ESV Shakira 2026,El Tunco,2026-02-07,Amenidades,Duchas,Kevin,Jimmy,$,26.42,1.0,26.42,1.0
T001,ESV Shakira 2026,El Tunco,2026-02-07,Amenidades,Baños,Dayana,Jimmy,$,26.42,1.0,26.42,1.0
T001,ESV Shakira 2026,El Tunco,2026-02-07,Amenidades,Baños,Megan,Jimmy,$,26.42,1.0,26.42,1.0
T001,ESV Shakira 2026,El Tunco,2026-02-07,Amenidades,Parqueo,Todos,Jimmy,$,26.42,3.0,79.26,3.0
T001,ESV Shakira 2026,Starbucks,2026-02-08,Restaurantes,Hot Venti Green Tea Latte,Kevin,Jimmy,$,26.42,5.2,137.38400000000001,5.2
T001,ESV Shakira 2026,Starbucks,2026-02-08,Restaurantes,Hot Grande Green Tea Latte,Jimmy,Jimmy,$,26.42,4.75,125.495,4.75
T001,ESV Shakira 2026,Starbucks,2026-02-08,Restaurantes,BunRoll Sausage & Cheddar,Jimmy,Jimmy,$,26.42,4.99,131.8358,4.99
T001,ESV Shakira 2026,Starbucks,2026-02-08,Restaurantes,Turkey & Swiss Ciabatta,Kevin,Jimmy,$,26.42,6.25,165.125,6.25
T001,ESV Shakira 2026,Starbucks,2026-02-08,Restaurantes,Chicken Chipotle Ciabatta,Megan,Jimmy,$,26.42,5.95,157.199,5.95
T001,ESV Shakira 2026,Starbucks,2026-02-08,Restaurantes,Fresh Ground Strawberry Acai Lemonade,Megan,Jimmy,$,26.42,4.55,120.211,4.55
T001,ESV Shakira 2026,Starbucks,2026-02-08,Restaurantes,Duo Lunch Espresso,Dayana,Jimmy,$,26.42,4.38,115.7196,4.38
T001,ESV Shakira 2026,Starbucks,2026-02-08,Restaurantes,Duo Lunch Espresso,Ken,Jimmy,$,26.42,4.38,115.7196,4.38
T001,ESV Shakira 2026,Starbucks,2026-02-08,Restaurantes,Iced Grande Café Latte,Dayana,Jimmy,$,26.42,0.25,6.605,0.25
T001,ESV Shakira 2026,Starbucks,2026-02-08,Restaurantes,Iced Grande Café Latte,Ken,Jimmy,$,26.42,0.25,6.605,0.25
T001,ESV Shakira 2026,Starbucks,2026-02-08,Restaurantes,Extra Jarabe Caramelo,Todos,Jimmy,$,26.42,0.5,13.21,0.5
T001,ESV Shakira 2026,Galaxy Bowling,2026-02-08,Entretenimiento,Alquiler de Zapatos,Todos,Jimmy,$,26.42,5.0,132.10000000000002,5.0
T001,ESV Shakira 2026,Galaxy Bowling,2026-02-08,Entretenimiento,Big Mess Nachos,Todos,Jimmy,$,26.42,7.0,184.94,7.0
T001,ESV Shakira 2026,Galaxy Bowling,2026-02-08,Entretenimiento,Pichel Fanta 1500 ml,Todos,Jimmy,$,26.42,4.0,105.68,4.0
T001,ESV Shakira 2026,Galaxy Bowling,2026-02-08,Entretenimiento,"Pizza 16"" Pepperoni",Todos,Jimmy,$,26.42,17.0,449.14000000000004,17.0
T001,ESV Shakira 2026,Galaxy Bowling,2026-02-08,Entretenimiento,Hora de Boliche,Todos,Jimmy,$,26.42,19.2,507.264,19.2
T001,ESV Shakira 2026,Galaxy Bowling,2026-02-08,Entretenimiento,Propina,Todos,Jimmy,$,26.42,2.8,73.976,2.8
T001,ESV Shakira 2026,El Boqueron,2026-02-08,Entretenimiento,Entrada,Todos,Jimmy,$,26.42,10.0,264.20000000000005,10.0
T001,ESV Shakira 2026,El Boqueron,2026-02-08,Entretenimiento,Agua,Jimmy,Jimmy,$,26.42,1.1,29.062000000000005,1.1
T001,ESV Shakira 2026,El Boqueron,2026-02-08,Entretenimiento,Agua,Kevin,Jimmy,$,26.42,1.1,29.062000000000005,1.1
T001,ESV Shakira 2026,El Boqueron,2026-02-08,Entretenimiento,Agua,Megan,Jimmy,$,26.42,1.1,29.062000000000005,1.1
T001,ESV Shakira 2026,El Boqueron,2026-02-08,Entretenimiento,Agua,Dayana,Jimmy,$,26.42,1.1,29.062000000000005,1.1
T001,ESV Shakira 2026,El Boqueron,2026-02-08,Entretenimiento,Frozen,Ken,Jimmy,$,26.42,5.8,153.23600000000002,5.8
T001,ESV Shakira 2026,Combustible,2026-02-08,Combustible,Combustible,Todos,Jimmy,$,26.42,54.02,1427.2084000000002,54.02
T001,ESV Shakira 2026,McDonalds,2026-02-08,Restaurantes,McNuggets Mediano,Jimmy,Jimmy,$,26.42,6.0,158.52,6.0
T001,ESV Shakira 2026,McDonalds,2026-02-08,Restaurantes,McNuggets Mediano,Megan,Jimmy,$,26.42,6.0,158.52,6.0
T001,ESV Shakira 2026,McDonalds,2026-02-08,Restaurantes,BigMac,Ken,Jimmy,$,26.42,7.25,191.54500000000002,7.25
T001,ESV Shakira 2026,McDonalds,2026-02-08,Restaurantes,McSan McPollo Mediano,Kevin,Jimmy,$,26.42,4.99,131.8358,4.99
T001,ESV Shakira 2026,Concierto Shakira,2026-02-08,Souvenires,Camisa,Kevin,Jimmy,$,26.42,5.0,132.10000000000002,5.0
T001,ESV Shakira 2026,Concierto Shakira,2026-02-08,Souvenires,Camisa,Megan,Jimmy,$,26.42,5.0,132.10000000000002,5.0
T001,ESV Shakira 2026,Concierto Shakira,2026-02-08,Amenidades,Uber Ida,Todos,Jimmy,$,26.42,12.72,336.0624,12.72
T001,ESV Shakira 2026,Concierto Shakira,2026-02-08,Amenidades,Uber Regreso,Todos,Jimmy,$,26.42,23.45,619.549,23.45
T001,ESV Shakira 2026,Starbucks,2026-02-09,Restaurantes,Iced Grande Caramel Macchiato,Ken,Jimmy,$,26.42,5.1,134.742,5.1
T001,ESV Shakira 2026,Starbucks,2026-02-09,Restaurantes,Bun Roll Sausage & Cheddar,Dayana,Jimmy,$,26.42,4.99,131.8358,4.99
T001,ESV Shakira 2026,Starbucks,2026-02-09,Restaurantes,Bun Roll Sausage & Cheddar,Kevin,Jimmy,$,26.42,4.99,131.8358,4.99
T001,ESV Shakira 2026,Starbucks,2026-02-09,Restaurantes,Bun Roll Sausage & Cheddar,Ken,Jimmy,$,26.42,4.99,131.8358,4.99
T001,ESV Shakira 2026,Starbucks,2026-02-09,Restaurantes,Hot Grande Café Latte,Dayana,Jimmy,$,26.42,4.2,110.96400000000001,4.2
T001,ESV Shakira 2026,Starbucks,2026-02-09,Restaurantes,Venti Hot Pistachio Latte,Kevin,Jimmy,$,26.42,5.9,155.87800000000001,5.9
T001,ESV Shakira 2026,Starbucks,2026-02-09,Restaurantes,Chicken Chipotle Ciabatta,Jimmy,Jimmy,$,26.42,5.95,157.199,5.95
T001,ESV Shakira 2026,Starbucks,2026-02-09,Restaurantes,Vanilla Cream Frappuccino,Jimmy,Jimmy,$,26.42,4.95,130.77900000000002,4.95
T001,ESV Shakira 2026,Starbucks,2026-02-09,Restaurantes,Iced Alto Shaken Green Tea Lemonade,Megan,Jimmy,$,26.42,2.75,72.655,2.75
T001,ESV Shakira 2026,Starbucks,2026-02-09,Restaurantes,Baguette Española,Megan,Jimmy,$,26.42,5.95,157.199,5.95
T001,ESV Shakira 2026,Starbucks,2026-02-09,Restaurantes,Danish,Jimmy,Jimmy,$,26.42,2.85,75.29700000000001,2.85
T001,ESV Shakira 2026,Starbucks,2026-02-09,Restaurantes,Bavarian Cake,Ken,Jimmy,$,26.42,5.5,145.31,5.5
T001,ESV Shakira 2026,Airbnb,2026-01-06,Amenidades,Airbnb,Todos,Jimmy,$,26.42,222.53,5879.2426000000005,222.53
T001,ESV Shakira 2026,Boleto Concierto,2026-01-06,Amenidades,Entradas,Todos,Jimmy,$,26.42,395.5,10449.11,395.5
T001,ESV Shakira 2026,Combustible,2026-02-09,Combustible,Gasolina Regreso,Todos,Jimmy,L,26.42,946.3,946.3,35.817562452687355
