expense_share_id,expense_id,trip_id,traveler_id,lender_traveler_id,trip,reason,expense_date,expense_type,product,currency,exchange_rate,expense_amount_original,expense_amount_lps,expense_amount_usd,is_shared_expense,participant_count,share_original,share_lps,share_usd
E0001_P001,E0001,T002,P001,P002,SPS Sep 2026,Airbnb,2026-09-04,Amenidades,Airbnb,$,27.0,260.19,7025.13,260.19,true,4,65.0475,1756.2825,65.0475
E0001_P002,E0001,T002,P002,P002,SPS Sep 2026,Airbnb,2026-09-04,Amenidades,Airbnb,$,27.0,260.19,7025.13,260.19,true,4,65.0475,1756.2825,65.0475
E0001_P003,E0001,T002,P003,P002,SPS Sep 2026,Airbnb,2026-09-04,Amenidades,Airbnb,$,27.0,260.19,7025.13,260.19,true,4,65.0475,1756.2825,65.0475
E0001_P004,E0001,T002,P004,P002,SPS Sep 2026,Airbnb,2026-09-04,Amenidades,Airbnb,$,27.0,260.19,7025.13,260.19,true,4,65.0475,1756.2825,65.0475
E0002_P001,E0002,T002,P001,P002,SPS Sep 2026,Wendys,2026-09-04,Restaurantes,BAC MUSH M,L,27.0,239.0,239.0,8.851851851851851,false,1,239.0,239.0,8.851851851851851
E0003_P002,E0003,T002,P002,P002,SPS Sep 2026,Wendys,2026-09-04,Restaurantes,DAVE C,L,27.0,219.0,219.0,8.11111111111111,false,1,219.0,219.0,8.11111111111111
E0004_P001,E0004,T002,P001,P002,SPS Sep 2026,Wendys,2026-09-04,Restaurantes,AGRANDADO,L,27.0,26.0,26.0,0.9629629629629628,false,1,26.0,26.0,0.9629629629629628
E0005_P003,E0005,T002,P003,P002,SPS Sep 2026,Wendys,2026-09-04,Restaurantes,"#8 10 NUGG",L,27.0,189.0,189.0,7.0,false,1,189.0,189.0,7.0
E0006_P004,E0006,T002,P004,P002,SPS Sep 2026,Wendys,2026-09-04,Restaurantes,WRAPS POLL,L,27.0,199.0,199.0,7.37037037037037,false,1,199.0,199.0,7.37037037037037
E0007_P004,E0007,T002,P004,P002,SPS Sep 2026,Wendys,2026-09-04,Restaurantes,QUESIHAMBU,L,27.0,149.0,149.0,5.518518518518518,false,1,149.0,149.0,5.518518518518518
E0008_P001,E0008,T002,P001,P004,SPS Sep 2026,Pedidos Ya,2026-09-04,Compras Super,Agua y Fresco,L,27.0,351.31,351.31,13.011481481481482,true,4,87.8275,87.8275,3.2528703703703705
E0008_P002,E0008,T002,P002,P004,SPS Sep 2026,Pedidos Ya,2026-09-04,Compras Super,Agua y Fresco,L,27.0,351.31,351.31,13.011481481481482,true,4,87.8275,87.8275,3.2528703703703705
E0008_P003,E0008,T002,P003,P004,SPS Sep 2026,Pedidos Ya,2026-09-04,Compras Super,Agua y Fresco,L,27.0,351.31,351.31,13.011481481481482,true,4,87.8275,87.8275,3.2528703703703705
E0008_P004,E0008,T002,P004,P004,SPS Sep 2026,Pedidos Ya,2026-09-04,Compras Super,Agua y Fresco,L,27.0,351.31,351.31,13.011481481481482,true,4,87.8275,87.8275,3.2528703703703705
E0009_P002,E0009,T002,P002,P002,SPS Sep 2026,Expresso Americano,2026-09-05,Restaurantes,Caffe Latte 12 Oz,L,27.0,95.0,95.0,3.5185185185185186,false,1,95.0,95.0,3.5185185185185186
E0010_P004,E0010,T002,P004,P002,SPS Sep 2026,Expresso Americano,2026-09-05,Restaurantes,Caffe Latte 16 Oz,L,27.0,77.0,77.0,2.851851851851852,false,1,77.0,77.0,2.851851851851852
E0011_P001,E0011,T002,P001,P002,SPS Sep 2026,Expresso Americano,2026-09-05,Restaurantes,Americano Frio de 12 Oz,L,27.0,50.0,50.0,1.851851851851852,false,1,50.0,50.0,1.851851851851852
E0012_P004,E0012,T002,P004,P002,SPS Sep 2026,Expresso Americano,2026-09-05,Restaurantes,English Muffin Salchicha y Huevo,L,27.0,71.0,71.0,2.6296296296296298,false,1,71.0,71.0,2.6296296296296298
E0013_P003,E0013,T002,P003,P002,SPS Sep 2026,Expresso Americano,2026-09-05,Restaurantes,Refresher Fresa Con Limon 16 Oz,L,27.0,80.0,80.0,2.962962962962963,false,1,80.0,80.0,2.962962962962963
E0014_P002,E0014,T002,P002,P002,SPS Sep 2026,Brisa Marina,2026-09-05,Restaurantes,Filete de pez,L,27.0,350.0,350.0,12.962962962962964,false,1,350.0,350.0,12.962962962962964
E0015_P002,E0015,T002,P002,P002,SPS Sep 2026,Brisa Marina,2026-09-05,Restaurantes,Coca Zero,L,27.0,35.0,35.0,1.2962962962962965,false,1,35.0,35.0,1.2962962962962965
E0016_P004,E0016,T002,P004,P002,SPS Sep 2026,Brisa Marina,2026-09-05,Restaurantes,Coca Zero,L,27.0,35.0,35.0,1.2962962962962965,false,1,35.0,35.0,1.2962962962962965
E0017_P003,E0017,T002,P003,P002,SPS Sep 2026,Brisa Marina,2026-09-05,Restaurantes,Coca Zero,L,27.0,35.0,35.0,1.2962962962962965,false,1,35.0,35.0,1.2962962962962965
E0018_P003,E0018,T002,P003,P002,SPS Sep 2026,Brisa Marina,2026-09-05,Restaurantes,Hamburguesa,L,27.0,250.0,250.0,9.25925925925926,false,1,250.0,250.0,9.25925925925926
E0019_P004,E0019,T002,P004,P002,SPS Sep 2026,Brisa Marina,2026-09-05,Restaurantes,Pollo,L,27.0,230.0,230.0,8.518518518518519,false,1,230.0,230.0,8.518518518518519
E0020_P001,E0020,T002,P001,P002,SPS Sep 2026,Brisa Marina,2026-09-05,Restaurantes,Coca Normal,L,27.0,35.0,35.0,1.2962962962962965,false,1,35.0,35.0,1.2962962962962965
E0021_P001,E0021,T002,P001,P002,SPS Sep 2026,Brisa Marina,2026-09-05,Restaurantes,Camarón,L,27.0,330.0,330.0,12.22222222222222,false,1,330.0,330.0,12.22222222222222
E0022_P001,E0022,T002,P001,P002,SPS Sep 2026,Brisa Marina,2026-09-05,Restaurantes,Michelada,L,27.0,160.0,160.0,5.925925925925926,false,1,160.0,160.0,5.925925925925926
E0023_P004,E0023,T002,P004,P002,SPS Sep 2026,Brisa Marina,2026-09-05,Restaurantes,Agua,L,27.0,35.0,35.0,1.2962962962962965,false,1,35.0,35.0,1.2962962962962965
E0024_P001,E0024,T002,P001,P002,SPS Sep 2026,Brisa Marina,2026-09-05,Restaurantes,Propina,L,27.0,50.0,50.0,1.851851851851852,true,4,12.5,12.5,0.462962962962963
E0024_P002,E0024,T002,P002,P002,SPS Sep 2026,Brisa Marina,2026-09-05,Restaurantes,Propina,L,27.0,50.0,50.0,1.851851851851852,true,4,12.5,12.5,0.462962962962963
E0024_P003,E0024,T002,P003,P002,SPS Sep 2026,Brisa Marina,2026-09-05,Restaurantes,Propina,L,27.0,50.0,50.0,1.851851851851852,true,4,12.5,12.5,0.462962962962963
E0024_P004,E0024,T002,P004,P002,SPS Sep 2026,Brisa Marina,2026-09-05,Restaurantes,Propina,L,27.0,50.0,50.0,1.851851851851852,true,4,12.5,12.5,0.462962962962963
E0025_P001,E0025,T002,P001,P001,SPS Sep 2026,Playa,2026-09-05,Entretenimiento,Entrada Playa,L,27.0,400.0,400.0,14.814814814814817,true,4,100.0,100.0,3.703703703703704
E0025_P002,E0025,T002,P002,P001,SPS Sep 2026,Playa,2026-09-05,Entretenimiento,Entrada Playa,L,27.0,400.0,400.0,14.814814814814817,true,4,100.0,100.0,3.703703703703704
E0025_P003,E0025,T002,P003,P001,SPS Sep 2026,Playa,2026-09-05,Entretenimiento,Entrada Playa,L,27.0,400.0,400.0,14.814814814814817,true,4,100.0,100.0,3.703703703703704
E0025_P004,E0025,T002,P004,P001,SPS Sep 2026,Playa,2026-09-05,Entretenimiento,Entrada Playa,L,27.0,400.0,400.0,14.814814814814817,true,4,100.0,100.0,3.703703703703704
E0026_P001,E0026,T002,P001,P002,SPS Sep 2026,Cover,2026-09-05,Entretenimiento,JB+1D,L,27.0,600.0,600.0,22.22222222222222,true,4,150.0,150.0,5.555555555555555
E0026_P002,E0026,T002,P002,P002,SPS Sep 2026,Cover,2026-09-05,Entretenimiento,JB+1D,L,27.0,600.0,600.0,22.22222222222222,true,4,150.0,150.0,5.555555555555555
E0026_P003,E0026,T002,P003,P002,SPS Sep 2026,Cover,2026-09-05,Entretenimiento,JB+1D,L,27.0,600.0,600.0,22.22222222222222,true,4,150.0,150.0,5.555555555555555
E0026_P004,E0026,T002,P004,P002,SPS Sep 2026,Cover,2026-09-05,Entretenimiento,JB+1D,L,27.0,600.0,600.0,22.22222222222222,true,4,150.0,150.0,5.555555555555555
E0027_P001,E0027,T002,P001,P002,SPS Sep 2026,CityPark,2026-09-05,Restaurantes,NACHOS,L,27.0,250.0,250.0,9.25925925925926,true,4,62.5,62.5,2.314814814814815
E0027_P002,E0027,T002,P002,P002,SPS Sep 2026,CityPark,2026-09-05,Restaurantes,NACHOS,L,27.0,250.0,250.0,9.25925925925926,true,4,62.5,62.5,2.314814814814815
E0027_P003,E0027,T002,P003,P002,SPS Sep 2026,CityPark,2026-09-05,Restaurantes,NACHOS,L,27.0,250.0,250.0,9.25925925925926,true,4,62.5,62.5,2.314814814814815
E0027_P004,E0027,T002,P004,P002,SPS Sep 2026,CityPark,2026-09-05,Restaurantes,NACHOS,L,27.0,250.0,250.0,9.25925925925926,true,4,62.5,62.5,2.314814814814815
E0028_P001,E0028,T002,P001,P002,SPS Sep 2026,CityPark,2026-09-05,Restaurantes,SALVA VIDA 1,L,27.0,210.0,210.0,7.777777777777778,false,1,210.0,210.0,7.777777777777778
E0029_P004,E0029,T002,P004,P002,SPS Sep 2026,CityPark,2026-09-05,Restaurantes,SALVA VIDA 2,L,27.0,210.0,210.0,7.777777777777778,false,1,210.0,210.0,7.777777777777778
E0030_P004,E0030,T002,P004,P002,SPS Sep 2026,CityPark,2026-09-05,Restaurantes,BOTE CON AGUA 1,L,27.0,75.0,75.0,2.7777777777777777,false,1,75.0,75.0,2.7777777777777777
E0031_P002,E0031,T002,P002,P002,SPS Sep 2026,CityPark,2026-09-05,Restaurantes,BOTE CON AGUA 2,L,27.0,75.0,75.0,2.7777777777777777,false,1,75.0,75.0,2.7777777777777777
E0032_P003,E0032,T002,P003,P002,SPS Sep 2026,CityPark,2026-09-05,Restaurantes,MARGARITA LIMON,L,27.0,360.0,360.0,13.333333333333334,false,1,360.0,360.0,13.333333333333334
E0033_P002,E0033,T002,P002,P002,SPS Sep 2026,CityPark,2026-09-05,Restaurantes,PIÑA COLADA,L,27.0,180.0,180.0,6.666666666666667,false,1,180.0,180.0,6.666666666666667
E0034_P004,E0034,T002,P004,P002,SPS Sep 2026,CityPark,2026-09-05,Restaurantes,LONG ISLAND 1,L,27.0,180.0,180.0,6.666666666666667,false,1,180.0,180.0,6.666666666666667
E0035_P002,E0035,T002,P002,P002,SPS Sep 2026,CityPark,2026-09-05,Restaurantes,LONG ISLAND 2,L,27.0,180.0,180.0,6.666666666666667,false,1,180.0,180.0,6.666666666666667
E0036_P001,E0036,T002,P001,P002,SPS Sep 2026,CityPark,2026-09-05,Restaurantes,PROPINA,L,27.0,170.04,170.04,6.297777777777777,true,4,42.51,42.51,1.5744444444444443
E0036_P002,E0036,T002,P002,P002,SPS Sep 2026,CityPark,2026-09-05,Restaurantes,PROPINA,L,27.0,170.04,170.04,6.297777777777777,true,4,42.51,42.51,1.5744444444444443
E0036_P003,E0036,T002,P003,P002,SPS Sep 2026,CityPark,2026-09-05,Restaurantes,PROPINA,L,27.0,170.04,170.04,6.297777777777777,true,4,42.51,42.51,1.5744444444444443
E0036_P004,E0036,T002,P004,P002,SPS Sep 2026,CityPark,2026-09-05,Restaurantes,PROPINA,L,27.0,170.04,170.04,6.297777777777777,true,4,42.51,42.51,1.5744444444444443
E0037_P001,E0037,T002,P001,P003,SPS Sep 2026,Uber CityPark,2026-09-05,Transporte,Uber,L,27.0,135.98,135.98,5.036296296296296,true,4,33.995,33.995,1.259074074074074
E0037_P002,E0037,T002,P002,P003,SPS Sep 2026,Uber CityPark,2026-09-05,Transporte,Uber,L,27.0,135.98,135.98,5.036296296296296,true,4,33.995,33.995,1.259074074074074
E0037_P003,E0037,T002,P003,P003,SPS Sep 2026,Uber CityPark,2026-09-05,Transporte,Uber,L,27.0,135.98,135.98,5.036296296296296,true,4,33.995,33.995,1.259074074074074
E0037_P004,E0037,T002,P004,P003,SPS Sep 2026,Uber CityPark,2026-09-05,Transporte,Uber,L,27.0,135.98,135.98,5.036296296296296,true,4,33.995,33.995,1.259074074074074
E0038_P001,E0038,T002,P001,P002,SPS Sep 2026,Uber CityPark,2026-09-05,Transporte,Uber,L,27.0,92.0,92.0,3.4074074074074074,true,4,23.0,23.0,0.8518518518518519
E0038_P002,E0038,T002,P002,P002,SPS Sep 2026,Uber CityPark,2026-09-05,Transporte,Uber,L,27.0,92.0,92.0,3.4074074074074074,true,4,23.0,23.0,0.8518518518518519
E0038_P003,E0038,T002,P003,P002,SPS Sep 2026,Uber CityPark,2026-09-05,Transporte,Uber,L,27.0,92.0,92.0,3.4074074074074074,true,4,23.0,23.0,0.8518518518518519
E0038_P004,E0038,T002,P004,P002,SPS Sep 2026,Uber CityPark,2026-09-05,Transporte,Uber,L,27.0,92.0,92.0,3.4074074074074074,true,4,23.0,23.0,0.8518518518518519
E0039_P001,E0039,T002,P001,P003,SPS Sep 2026,Uber CityPark,2026-09-05,Transporte,Uber,L,27.0,91.12,91.12,3.374814814814815,true,4,22.78,22.78,0.8437037037037037
E0039_P002,E0039,T002,P002,P003,SPS Sep 2026,Uber CityPark,2026-09-05,Transporte,Uber,L,27.0,91.12,91.12,3.374814814814815,true,4,22.78,22.78,0.8437037037037037
E0039_P003,E0039,T002,P003,P003,SPS Sep 2026,Uber CityPark,2026-09-05,Transporte,Uber,L,27.0,91.12,91.12,3.374814814814815,true,4,22.78,22.78,0.8437037037037037
E0039_P004,E0039,T002,P004,P003,SPS Sep 2026,Uber CityPark,2026-09-05,Transporte,Uber,L,27.0,91.12,91.12,3.374814814814815,true,4,22.78,22.78,0.8437037037037037
E0040_P002,E0040,T002,P002,P002,SPS Sep 2026,iHop,2026-09-06,Restaurantes,Breakfast Sampler,L,27.0,275.0,275.0,10.185185185185183,false,1,275.0,275.0,10.185185185185183
E0041_P003,E0041,T002,P003,P002,SPS Sep 2026,iHop,2026-09-06,Restaurantes,Strawberry Lemonade Splash,L,27.0,75.0,75.0,2.7777777777777777,false,1,75.0,75.0,2.7777777777777777
E0042_P002,E0042,T002,P002,P002,SPS Sep 2026,iHop,2026-09-06,Restaurantes,Te Helado,L,27.0,75.0,75.0,2.7777777777777777,false,1,75.0,75.0,2.7777777777777777
E0043_P003,E0043,T002,P003,P002,SPS Sep 2026,iHop,2026-09-06,Restaurantes,Burrito de 3 Carnes,L,27.0,285.0,285.0,10.555555555555555,false,1,285.0,285.0,10.555555555555555
E0044_P001,E0044,T002,P001,P002,SPS Sep 2026,iHop,2026-09-06,Restaurantes,Burrito Con Chorizo,L,27.0,89.0,89.0,3.2962962962962963,false,1,89.0,89.0,3.2962962962962963
E0045_P001,E0045,T002,P001,P002,SPS Sep 2026,iHop,2026-09-06,Restaurantes,Horchata Mucho,L,27.0,89.0,89.0,3.2962962962962963,false,1,89.0,89.0,3.2962962962962963
E0046_P001,E0046,T002,P001,P002,SPS Sep 2026,iHop,2026-09-06,Restaurantes,New York Cheesecake Pancake,L,27.0,175.0,175.0,6.481481481481482,false,1,175.0,175.0,6.481481481481482
E0047_P001,E0047,T002,P001,P002,SPS Sep 2026,iHop,2026-09-06,Restaurantes,Never Empty Coffee,L,27.0,45.0,45.0,1.6666666666666667,false,1,45.0,45.0,1.6666666666666667
E0048_P004,E0048,T002,P004,P002,SPS Sep 2026,iHop,2026-09-06,Restaurantes,Philly Cheese Steak Stacker,L,27.0,299.0,299.0,11.074074074074074,false,1,299.0,299.0,11.074074074074074
E0049_P004,E0049,T002,P004,P002,SPS Sep 2026,iHop,2026-09-06,Restaurantes,Cafe Latte,L,27.0,45.0,45.0,1.6666666666666667,false,1,45.0,45.0,1.6666666666666667
E0050_P004,E0050,T002,P004,P002,SPS Sep 2026,iHop,2026-09-06,Restaurantes,Leche Deslactosada,L,27.0,5.0,5.0,0.1851851851851851,false,1,5.0,5.0,0.1851851851851851
E0051_P001,E0051,T002,P001,P002,SPS Sep 2026,Starbucks ,2026-09-06,Restaurantes,Iced Caramel Macchiato,L,27.0,116.0,116.0,4.296296296296297,false,1,116.0,116.0,4.296296296296297
E0052_P004,E0052,T002,P004,P002,SPS Sep 2026,Starbucks ,2026-09-06,Restaurantes,Strawberry Cream Frappuccino,L,27.0,137.0,137.0,5.074074074074074,false,1,137.0,137.0,5.074074074074074
E0053_P002,E0053,T002,P002,P002,SPS Sep 2026,Starbucks ,2026-09-06,Restaurantes,Mango Dragon Lemon,L,27.0,151.0,151.0,5.592592592592593,false,1,151.0,151.0,5.592592592592593
E0054_P003,E0054,T002,P003,P002,SPS Sep 2026,Starbucks ,2026-09-06,Restaurantes,Iced Chai Latte XL,L,27.0,130.0,130.0,4.814814814814815,false,1,130.0,130.0,4.814814814814815
E0055_P001,E0055,T002,P001,P002,SPS Sep 2026,KatraChamoy,2026-09-06,Restaurantes,Pollo Chuco,L,27.0,285.0,285.0,10.555555555555555,true,4,71.25,71.25,2.638888888888889
E0055_P002,E0055,T002,P002,P002,SPS Sep 2026,KatraChamoy,2026-09-06,Restaurantes,Pollo Chuco,L,27.0,285.0,285.0,10.555555555555555,true,4,71.25,71.25,2.638888888888889
E0055_P003,E0055,T002,P003,P002,SPS Sep 2026,KatraChamoy,2026-09-06,Restaurantes,Pollo Chuco,L,27.0,285.0,285.0,10.555555555555555,true,4,71.25,71.25,2.638888888888889
E0055_P004,E0055,T002,P004,P002,SPS Sep 2026,KatraChamoy,2026-09-06,Restaurantes,Pollo Chuco,L,27.0,285.0,285.0,10.555555555555555,true,4,71.25,71.25,2.638888888888889
E0056_P001,E0056,T002,P001,P002,SPS Sep 2026,Gasolina,2026-09-06,Restaurantes,Gasolina Ida,L,27.0,1800.0,1800.0,66.66666666666667,true,4,450.0,450.0,16.666666666666668
E0056_P002,E0056,T002,P002,P002,SPS Sep 2026,Gasolina,2026-09-06,Restaurantes,Gasolina Ida,L,27.0,1800.0,1800.0,66.66666666666667,true,4,450.0,450.0,16.666666666666668
E0056_P003,E0056,T002,P003,P002,SPS Sep 2026,Gasolina,2026-09-06,Restaurantes,Gasolina Ida,L,27.0,1800.0,1800.0,66.66666666666667,true,4,450.0,450.0,16.666666666666668
E0056_P004,E0056,T002,P004,P002,SPS Sep 2026,Gasolina,2026-09-06,Restaurantes,Gasolina Ida,L,27.0,1800.0,1800.0,66.66666666666667,true,4,450.0,450.0,16.666666666666668
E0057_P001,E0057,T002,P001,P002,SPS Sep 2026,Gasolina,2026-09-06,Restaurantes,Gasolina Vuelta,L,27.0,823.0,823.0,30.48148148148148,true,4,205.75,205.75,7.62037037037037
E0057_P002,E0057,T002,P002,P002,SPS Sep 2026,Gasolina,2026-09-06,Restaurantes,Gasolina Vuelta,L,27.0,823.0,823.0,30.48148148148148,true,4,205.75,205.75,7.62037037037037
E0057_P003,E0057,T002,P003,P002,SPS Sep 2026,Gasolina,2026-09-06,Restaurantes,Gasolina Vuelta,L,27.0,823.0,823.0,30.48148148148148,true,4,205.75,205.75,7.62037037037037
E0057_P004,E0057,T002,P004,P002,SPS Sep 2026,Gasolina,2026-09-06,Restaurantes,Gasolina Vuelta,L,27.0,823.0,823.0,30.48148148148148,true,4,205.75,205.75,7.62037037037037
E0058_P001,E0058,T001,P001,P002,ESV Shakira 2026,Combustible,2026-02-06,Combustible,Gasolina Ida,L,26.42,752.93,752.93,28.498485995457983,true,5,150.58599999999998,150.58599999999998,5.699697199091597
E0058_P002,E0058,T001,P002,P002,ESV Shakira 2026,Combustible,2026-02-06,Combustible,Gasolina Ida,L,26.42,752.93,752.93,28.498485995457983,true,5,150.58599999999998,150.58599999999998,5.699697199091597
E0058_P003,E0058,T001,P003,P002,ESV Shakira 2026,Combustible,2026-02-06,Combustible,Gasolina Ida,L,26.42,752.93,752.93,28.498485995457983,true,5,150.58599999999998,150.58599999999998,5.699697199091597
E0058_P004,E0058,T001,P004,P002,ESV Shakira 2026,Combustible,2026-02-06,Combustible,Gasolina Ida,L,26.42,752.93,752.93,28.498485995457983,true,5,150.58599999999998,150.58599999999998,5.699697199091597
E0058_P005,E0058,T001,P005,P002,ESV Shakira 2026,Combustible,2026-02-06,Combustible,Gasolina Ida,L,26.42,752.93,752.93,28.498485995457983,true,5,150.58599999999998,150.58599999999998,5.699697199091597
E0059_P001,E0059,T001,P001,P002,ESV Shakira 2026,Pollo Campestre,2026-02-06,Restaurantes,Menu Campestre,$,26.42,6.65,175.693,6.65,false,1,6.65,175.693,6.65
E0060_P005,E0060,T001,P005,P002,ESV Shakira 2026,Pollo Campestre,2026-02-06,Restaurantes,Vaso Campestre Frutas,$,26.42,2.65,70.013,2.65,false,1,2.65,70.013,2.65
E0061_P003,E0061,T001,P003,P002,ESV Shakira 2026,Pollo Campestre,2026-02-06,Restaurantes,Menu Campestre,$,26.42,6.65,175.693,6.65,false,1,6.65,175.693,6.65
E0062_P002,E0062,T001,P002,P002,ESV Shakira 2026,Pollo Campestre,2026-02-06,Restaurantes,Super Campestre,$,26.42,8.1,214.002,8.1,false,1,8.1,214.002,8.1
E0063_P002,E0063,T001,P002,P002,ESV Shakira 2026,Pollo Campestre,2026-02-06,Restaurantes,Orden de Chili,$,26.42,0.99,26.155800000000003,0.99,false,1,0.99,26.155800000000003,0.99
E0064_P002,E0064,T001,P002,P002,ESV Shakira 2026,Pollo Campestre,2026-02-06,Restaurantes,Aderezos,$,26.42,0.99,26.155800000000003,0.99,false,1,0.99,26.155800000000003,0.99
E0065_P004,E0065,T001,P004,P002,ESV Shakira 2026,Pollo Campestre,2026-02-06,Restaurantes,Sandwich Ciabatta,$,26.42,6.99,184.6758,6.99,false,1,6.99,184.6758,6.99
E0066_P004,E0066,T001,P004,P002,ESV Shakira 2026,Pollo Campestre,2026-02-06,Restaurantes,Papas Ga,$,26.42,0.5,13.21,0.5,false,1,0.5,13.21,0.5
E0067_P005,E0067,T001,P005,P002,ESV Shakira 2026,New Fashion,2026-02-06,Souvenires,Lapiz Italia Expresso,$,26.42,0.8,21.136000000000003,0.8,false,1,0.8,21.136000000000003,0.8
E0068_P005,E0068,T001,P005,P002,ESV Shakira 2026,New Fashion,2026-02-06,Souvenires,Lapiz Italia Cabaret,$,26.42,0.8,21.136000000000003,0.8,false,1,0.8,21.136000000000003,0.8
E0069_P001,E0069,T001,P001,P002,ESV Shakira 2026,Super Selectos,2026-02-06,Compras Super,McCormick Manzana,$,26.42,1.88,49.6696,1.88,true,5,0.376,9.93392,0.376
E0069_P002,E0069,T001,P002,P002,ESV Shakira 2026,Super Selectos,2026-02-06,Compras Super,McCormick Manzana,$,26.42,1.88,49.6696,1.88,true,5,0.376,9.93392,0.376
E0069_P003,E0069,T001,P003,P002,ESV Shakira 2026,Super Selectos,2026-02-06,Compras Super,McCormick Manzana,$,26.42,1.88,49.6696,1.88,true,5,0.376,9.93392,0.376
E0069_P004,E0069,T001,P004,P002,ESV Shakira 2026,Super Selectos,2026-02-06,Compras Super,McCormick Manzana,$,26.42,1.88,49.6696,1.88,true,5,0.376,9.93392,0.376
E0069_P005,E0069,T001,P005,P002,ESV Shakira 2026,Super Selectos,2026-02-06,Compras Super,McCormick Manzana,$,26.42,1.88,49.6696,1.88,true,5,0.376,9.93392,0.376
E0070_P001,E0070,T001,P001,P002,ESV Shakira 2026,Super Selectos,2026-02-06,Compras Super,2 Gaseosas UVA Lata 35,$,26.42,1.3,34.346000000000004,1.3,true,5,0.26,6.869200000000001,0.26
E0070_P002,E0070,T001,P002,P002,ESV Shakira 2026,Super Selectos,2026-02-06,Compras Super,2 Gaseosas UVA Lata 35,$,26.42,1.3,34.346000000000004,1.3,true,5,0.26,6.869200000000001,0.26
E0070_P003,E0070,T001,P003,P002,ESV Shakira 2026,Super Selectos,2026-02-06,Compras Super,2 Gaseosas UVA Lata 35,$,26.42,1.3,34.346000000000004,1.3,true,5,0.26,6.869200000000001,0.26
E0070_P004,E0070,T001,P004,P002,ESV Shakira 2026,Super Selectos,2026-02-06,Compras Super,2 Gaseosas UVA Lata 35,$,26.42,1.3,34.346000000000004,1.3,true,5,0.26,6.869200000000001,0.26
E0070_P005,E0070,T001,P005,P002,ESV Shakira 2026,Super Selectos,2026-02-06,Compras Super,2 Gaseosas UVA Lata 35,$,26.42,1.3,34.346000000000004,1.3,true,5,0.26,6.869200000000001,0.26
E0071_P001,E0071,T001,P001,P002,ESV Shakira 2026,Super Selectos,2026-02-06,Compras Super,Agua La Fuente 378g,$,26.42,1.0,26.42,1.0,true,5,0.2,5.284000000000001,0.2
E0071_P002,E0071,T001,P002,P002,ESV Shakira 2026,Super Selectos,2026-02-06,Compras Super,Agua La Fuente 378g,$,26.42,1.0,26.42,1.0,true,5,0.2,5.284000000000001,0.2
E0071_P003,E0071,T001,P003,P002,ESV Shakira 2026,Super Selectos,2026-02-06,Compras Super,Agua La Fuente 378g,$,26.42,1.0,26.42,1.0,true,5,0.2,5.284000000000001,0.2
E0071_P004,E0071,T001,P004,P002,ESV Shakira 2026,Super Selectos,2026-02-06,Compras Super,Agua La Fuente 378g,$,26.42,1.0,26.42,1.0,true,5,0.2,5.284000000000001,0.2
E0071_P005,E0071,T001,P005,P002,ESV Shakira 2026,Super Selectos,2026-02-06,Compras Super,Agua La Fuente 378g,$,26.42,1.0,26.42,1.0,true,5,0.2,5.284000000000001,0.2
E0072_P001,E0072,T001,P001,P002,ESV Shakira 2026,Super Selectos,2026-02-06,Compras Super,Aceite de Oliva Extra,$,26.42,2.5,66.05000000000001,2.5,true,5,0.5,13.210000000000003,0.5
E0072_P002,E0072,T001,P002,P002,ESV Shakira 2026,Super Selectos,2026-02-06,Compras Super,Aceite de Oliva Extra,$,26.42,2.5,66.05000000000001,2.5,true,5,0.5,13.210000000000003,0.5
E0072_P003,E0072,T001,P003,P002,ESV Shakira 2026,Super Selectos,2026-02-06,Compras Super,Aceite de Oliva Extra,$,26.42,2.5,66.05000000000001,2.5,true,5,0.5,13.210000000000003,0.5
E0072_P004,E0072,T001,P004,P002,ESV Shakira 2026,Super Selectos,2026-02-06,Compras Super,Aceite de Oliva Extra,$,26.42,2.5,66.05000000000001,2.5,true,5,0.5,13.210000000000003,0.5
E0072_P005,E0072,T001,P005,P002,ESV Shakira 2026,Super Selectos,2026-02-06,Compras Super,Aceite de Oliva Extra,$,26.42,2.5,66.05000000000001,2.5,true,5,0.5,13.210000000000003,0.5
E0073_P001,E0073,T001,P001,P002,ESV Shakira 2026,Super Selectos,2026-02-06,Compras Super,Jugo Sula Naranja,$,26.42,3.63,95.9046,3.63,true,5,0.726,19.18092,0.726
E0073_P002,E0073,T001,P002,P002,ESV Shakira 2026,Super Selectos,2026-02-06,Compras Super,Jugo Sula Naranja,$,26.42,3.63,95.9046,3.63,true,5,0.726,19.18092,0.726
E0073_P003,E0073,T001,P003,P002,ESV Shakira 2026,Super Selectos,2026-02-06,Compras Super,Jugo Sula Naranja,$,26.42,3.63,95.9046,3.63,true,5,0.726,19.18092,0.726
E0073_P004,E0073,T001,P004,P002,ESV Shakira 2026,Super Selectos,2026-02-06,Compras Super,Jugo Sula Naranja,$,26.42,3.63,95.9046,3.63,true,5,0.726,19.18092,0.726
E0073_P005,E0073,T001,P005,P002,ESV Shakira 2026,Super Selectos,2026-02-06,Compras Super,Jugo Sula Naranja,$,26.42,3.63,95.9046,3.63,true,5,0.726,19.18092,0.726
E0074_P001,E0074,T001,P001,P002,ESV Shakira 2026,Super Selectos,2026-02-06,Compras Super,Mostaza Hellmann’s 20,$,26.42,1.73,45.7066,1.73,true,5,0.346,9.14132,0.346
E0074_P002,E0074,T001,P002,P002,ESV Shakira 2026,Super Selectos,2026-02-06,Compras Super,Mostaza Hellmann’s 20,$,26.42,1.73,45.7066,1.73,true,5,0.346,9.14132,0.346
E0074_P003,E0074,T001,P003,P002,ESV Shakira 2026,Super Selectos,2026-02-06,Compras Super,Mostaza Hellmann’s 20,$,26.42,1.73,45.7066,1.73,true,5,0.346,9.14132,0.346
E0074_P004,E0074,T001,P004,P002,ESV Shakira 2026,Super Selectos,2026-02-06,Compras Super,Mostaza Hellmann’s 20,$,26.42,1.73,45.7066,1.73,true,5,0.346,9.14132,0.346
E0074_P005,E0074,T001,P005,P002,ESV Shakira 2026,Super Selectos,2026-02-06,Compras Super,Mostaza Hellmann’s 20,$,26.42,1.73,45.7066,1.73,true,5,0.346,9.14132,0.346
E0075_P001,E0075,T001,P001,P002,ESV Shakira 2026,Super Selectos,2026-02-06,Compras Super,Plato Terno FDM Bio,$,26.42,1.12,29.59040000000001,1.12,true,5,0.22400000000000003,5.918080000000002,0.22400000000000003
E0075_P002,E0075,T001,P002,P002,ESV Shakira 2026,Super Selectos,2026-02-06,Compras Super,Plato Terno FDM Bio,$,26.42,1.12,29.59040000000001,1.12,true,5,0.22400000000000003,5.918080000000002,0.22400000000000003
E0075_P003,E0075,T001,P003,P002,ESV Shakira 2026,Super Selectos,2026-02-06,Compras Super,Plato Terno FDM Bio,$,26.42,1.12,29.59040000000001,1.12,true,5,0.22400000000000003,5.918080000000002,0.22400000000000003
E0075_P004,E0075,T001,P004,P002,ESV Shakira 2026,Super Selectos,2026-02-06,Compras Super,Plato Terno FDM Bio,$,26.42,1.12,29.59040000000001,1.12,true,5,0.22400000000000003,5.918080000000002,0.22400000000000003
E0075_P005,E0075,T001,P005,P002,ESV Shakira 2026,Super Selectos,2026-02-06,Compras Super,Plato Terno FDM Bio,$,26.42,1.12,29.59040000000001,1.12,true,5,0.22400000000000003,5.918080000000002,0.22400000000000003
E0076_P001,E0076,T001,P001,P002,ESV Shakira 2026,Super Selectos,2026-02-06,Compras Super,6 Pack Cerveza Pilsener,$,26.42,7.55,199.471,7.55,false,1,7.55,199.471,7.55
E0077_P004,E0077,T001,P004,P002,ESV Shakira 2026,Super Selectos,2026-02-06,Compras Super,Jabón Dove Original,$,26.42,1.99,52.5758,1.99,false,1,1.99,52.5758,1.99
E0078_P001,E0078,T001,P001,P002,ESV Shakira 2026,Super Selectos,2026-02-06,Compras Super,2 Pack Frijol Borr. C,$,26.42,1.25,33.025000000000006,1.25,true,5,0.25,6.605000000000001,0.25
E0078_P002,E0078,T001,P002,P002,ESV Shakira 2026,Super Selectos,2026-02-06,Compras Super,2 Pack Frijol Borr. C,$,26.42,1.25,33.025000000000006,1.25,true,5,0.25,6.605000000000001,0.25
E0078_P003,E0078,T001,P003,P002,ESV Shakira 2026,Super Selectos,2026-02-06,Compras Super,2 Pack Frijol Borr. C,$,26.42,1.25,33.025000000000006,1.25,true,5,0.25,6.605000000000001,0.25
E0078_P004,E0078,T001,P004,P002,ESV Shakira 2026,Super Selectos,2026-02-06,Compras Super,2 Pack Frijol Borr. C,$,26.42,1.25,33.025000000000006,1.25,true,5,0.25,6.605000000000001,0.25
E0078_P005,E0078,T001,P005,P002,ESV Shakira 2026,Super Selectos,2026-02-06,Compras Super,2 Pack Frijol Borr. C,$,26.42,1.25,33.025000000000006,1.25,true,5,0.25,6.605000000000001,0.25
E0079_P001,E0079,T001,P001,P002,ESV Shakira 2026,Super Selectos,2026-02-06,Compras Super,Vaso Biodegradable,$,26.42,0.99,26.155800000000003,0.99,true,5,0.198,5.231160000000001,0.198
E0079_P002,E0079,T001,P002,P002,ESV Shakira 2026,Super Selectos,2026-02-06,Compras Super,Vaso Biodegradable,$,26.42,0.99,26.155800000000003,0.99,true,5,0.198,5.231160000000001,0.198
E0079_P003,E0079,T001,P003,P002,ESV Shakira 2026,Super Selectos,2026-02-06,Compras Super,Vaso Biodegradable,$,26.42,0.99,26.155800000000003,0.99,true,5,0.198,5.231160000000001,0.198
E0079_P004,E0079,T001,P004,P002,ESV Shakira 2026,Super Selectos,2026-02-06,Compras Super,Vaso Biodegradable,$,26.42,0.99,26.155800000000003,0.99,true,5,0.198,5.231160000000001,0.198
E0079_P005,E0079,T001,P005,P002,ESV Shakira 2026,Super Selectos,2026-02-06,Compras Super,Vaso Biodegradable,$,26.42,0.99,26.155800000000003,0.99,true,5,0.198,5.231160000000001,0.198
E0080_P001,E0080,T001,P001,P002,ESV Shakira 2026,Super Selectos,2026-02-06,Compras Super,Huevo La Catalana Med,$,26.42,3.0,79.26,3.0,true,5,0.6,15.852,0.6
E0080_P002,E0080,T001,P002,P002,ESV Shakira 2026,Super Selectos,2026-02-06,Compras Super,Huevo La Catalana Med,$,26.42,3.0,79.26,3.0,true,5,0.6,15.852,0.6
E0080_P003,E0080,T001,P003,P002,ESV Shakira 2026,Super Selectos,2026-02-06,Compras Super,Huevo La Catalana Med,$,26.42,3.0,79.26,3.0,true,5,0.6,15.852,0.6
E0080_P004,E0080,T001,P004,P002,ESV Shakira 2026,Super Selectos,2026-02-06,Compras Super,Huevo La Catalana Med,$,26.42,3.0,79.26,3.0,true,5,0.6,15.852,0.6
E0080_P005,E0080,T001,P005,P002,ESV Shakira 2026,Super Selectos,2026-02-06,Compras Super,Huevo La Catalana Med,$,26.42,3.0,79.26,3.0,true,5,0.6,15.852,0.6
E0081_P001,E0081,T001,P001,P002,ESV Shakira 2026,Super Selectos,2026-02-06,Compras Super,Lechuga Repollada (lb),$,26.42,1.24,32.7608,1.24,true,5,0.248,6.552160000000001,0.248
E0081_P002,E0081,T001,P002,P002,ESV Shakira 2026,Super Selectos,2026-02-06,Compras Super,Lechuga Repollada (lb),$,26.42,1.24,32.7608,1.24,true,5,0.248,6.552160000000001,0.248
E0081_P003,E0081,T001,P003,P002,ESV Shakira 2026,Super Selectos,2026-02-06,Compras Super,Lechuga Repollada (lb),$,26.42,1.24,32.7608,1.24,true,5,0.248,6.552160000000001,0.248
E0081_P004,E0081,T001,P004,P002,ESV Shakira 2026,Super Selectos,2026-02-06,Compras Super,Lechuga Repollada (lb),$,26.42,1.24,32.7608,1.24,true,5,0.248,6.552160000000001,0.248
E0081_P005,E0081,T001,P005,P002,ESV Shakira 2026,Super Selectos,2026-02-06,Compras Super,Lechuga Repollada (lb),$,26.42,1.24,32.7608,1.24,true,5,0.248,6.552160000000001,0.248
E0082_P001,E0082,T001,P001,P002,ESV Shakira 2026,Super Selectos,2026-02-06,Compras Super,Banano (1.03 kg),$,26.42,0.79,20.871800000000004,0.79,true,5,0.158,4.174360000000001,0.158
E0082_P002,E0082,T001,P002,P002,ESV Shakira 2026,Super Selectos,2026-02-06,Compras Super,Banano (1.03 kg),$,26.42,0.79,20.871800000000004,0.79,true,5,0.158,4.174360000000001,0.158
E0082_P003,E0082,T001,P003,P002,ESV Shakira 2026,Super Selectos,2026-02-06,Compras Super,Banano (1.03 kg),$,26.42,0.79,20.871800000000004,0.79,true,5,0.158,4.174360000000001,0.158
E0082_P004,E0082,T001,P004,P002,ESV Shakira 2026,Super Selectos,2026-02-06,Compras Super,Banano (1.03 kg),$,26.42,0.79,20.871800000000004,0.79,true,5,0.158,4.174360000000001,0.158
E0082_P005,E0082,T001,P005,P002,ESV Shakira 2026,Super Selectos,2026-02-06,Compras Super,Banano (1.03 kg),$,26.42,0.79,20.871800000000004,0.79,true,5,0.158,4.174360000000001,0.158
E0083_P001,E0083,T001,P001,P002,ESV Shakira 2026,Super Selectos,2026-02-06,Compras Super,Tomate de Cocina (lb),$,26.42,0.82,21.6644,0.82,true,5,0.16399999999999998,4.33288,0.16399999999999998
E0083_P002,E0083,T001,P002,P002,ESV Shakira 2026,Super Selectos,2026-02-06,Compras Super,Tomate de Cocina (lb),$,26.42,0.82,21.6644,0.82,true,5,0.16399999999999998,4.33288,0.16399999999999998
E0083_P003,E0083,T001,P003,P002,ESV Shakira 2026,Super Selectos,2026-02-06,Compras Super,Tomate de Cocina (lb),$,26.42,0.82,21.6644,0.82,true,5,0.16399999999999998,4.33288,0.16399999999999998
E0083_P004,E0083,T001,P004,P002,ESV Shakira 2026,Super Selectos,2026-02-06,Compras Super,Tomate de Cocina (lb),$,26.42,0.82,21.6644,0.82,true,5,0.16399999999999998,4.33288,0.16399999999999998
E0083_P005,E0083,T001,P005,P002,ESV Shakira 2026,Super Selectos,2026-02-06,Compras Super,Tomate de Cocina (lb),$,26.42,0.82,21.6644,0.82,true,5,0.16399999999999998,4.33288,0.16399999999999998
E0084_P001,E0084,T001,P001,P002,ESV Shakira 2026,Super Selectos,2026-02-06,Compras Super,Crema Dental Colgate,$,26.42,1.3,34.346000000000004,1.3,false,1,1.3,34.346000000000004,1.3
E0085_P001,E0085,T001,P001,P002,ESV Shakira 2026,Super Selectos,2026-02-06,Compras Super,"Manzana Mixta #150",$,26.42,2.74,72.39080000000001,2.74,true,5,0.548,14.478160000000003,0.548
E0085_P002,E0085,T001,P002,P002,ESV Shakira 2026,Super Selectos,2026-02-06,Compras Super,"Manzana Mixta #150",$,26.42,2.74,72.39080000000001,2.74,true,5,0.548,14.478160000000003,0.548
E0085_P003,E0085,T001,P003,P002,ESV Shakira 2026,Super Selectos,2026-02-06,Compras Super,"Manzana Mixta #150",$,26.42,2.74,72.39080000000001,2.74,true,5,0.548,14.478160000000003,0.548
E0085_P004,E0085,T001,P004,P002,ESV Shakira 2026,Super Selectos,2026-02-06,Compras Super,"Manzana Mixta #150",$,26.42,2.74,72.39080000000001,2.74,true,5,0.548,14.478160000000003,0.548
E0085_P005,E0085,T001,P005,P002,ESV Shakira 2026,Super Selectos,2026-02-06,Compras Super,"Manzana Mixta #150",$,26.42,2.74,72.39080000000001,2.74,true,5,0.548,14.478160000000003,0.548
E0086_P001,E0086,T001,P001,P002,ESV Shakira 2026,Super Selectos,2026-02-06,Compras Super,Gaseosa Coca Cola 1L,$,26.42,1.3,34.346000000000004,1.3,true,5,0.26,6.869200000000001,0.26
E0086_P002,E0086,T001,P002,P002,ESV Shakira 2026,Super Selectos,2026-02-06,Compras Super,Gaseosa Coca Cola 1L,$,26.42,1.3,34.346000000000004,1.3,true,5,0.26,6.869200000000001,0.26
E0086_P003,E0086,T001,P003,P002,ESV Shakira 2026,Super Selectos,2026-02-06,Compras Super,Gaseosa Coca Cola 1L,$,26.42,1.3,34.346000000000004,1.3,true,5,0.26,6.869200000000001,0.26
E0086_P004,E0086,T001,P004,P002,ESV Shakira 2026,Super Selectos,2026-02-06,Compras Super,Gaseosa Coca Cola 1L,$,26.42,1.3,34.346000000000004,1.3,true,5,0.26,6.869200000000001,0.26
E0086_P005,E0086,T001,P005,P002,ESV Shakira 2026,Super Selectos,2026-02-06,Compras Super,Gaseosa Coca Cola 1L,$,26.42,1.3,34.346000000000004,1.3,true,5,0.26,6.869200000000001,0.26
E0087_P002,E0087,T001,P002,P002,ESV Shakira 2026,Super Selectos,2026-02-06,Compras Super,Yogurt Griego Yes Na,$,26.42,1.1,29.062000000000005,1.1,false,1,1.1,29.062000000000005,1.1
E0088_P001,E0088,T001,P001,P002,ESV Shakira 2026,Super Selectos,2026-02-06,Compras Super,Sorelli Vinagre Puro,$,26.42,0.76,20.0792,0.76,true,5,0.152,4.01584,0.152
E0088_P002,E0088,T001,P002,P002,ESV Shakira 2026,Super Selectos,2026-02-06,Compras Super,Sorelli Vinagre Puro,$,26.42,0.76,20.0792,0.76,true,5,0.152,4.01584,0.152
E0088_P003,E0088,T001,P003,P002,ESV Shakira 2026,Super Selectos,2026-02-06,Compras Super,Sorelli Vinagre Puro,$,26.42,0.76,20.0792,0.76,true,5,0.152,4.01584,0.152
E0088_P004,E0088,T001,P004,P002,ESV Shakira 2026,Super Selectos,2026-02-06,Compras Super,Sorelli Vinagre Puro,$,26.42,0.76,20.0792,0.76,true,5,0.152,4.01584,0.152
E0088_P005,E0088,T001,P005,P002,ESV Shakira 2026,Super Selectos,2026-02-06,Compras Super,Sorelli Vinagre Puro,$,26.42,0.76,20.0792,0.76,true,5,0.152,4.01584,0.152
E0089_P001,E0089,T001,P001,P002,ESV Shakira 2026,Super Selectos,2026-02-06,Compras Super,Jamón de Pavo Kreef,$,26.42,5.17,136.5914,5.17,true,5,1.034,27.318279999999998,1.034
E0089_P002,E0089,T001,P002,P002,ESV Shakira 2026,Super Selectos,2026-02-06,Compras Super,Jamón de Pavo Kreef,$,26.42,5.17,136.5914,5.17,true,5,1.034,27.318279999999998,1.034
E0089_P003,E0089,T001,P003,P002,ESV Shakira 2026,Super Selectos,2026-02-06,Compras Super,Jamón de Pavo Kreef,$,26.42,5.17,136.5914,5.17,true,5,1.034,27.318279999999998,1.034
E0089_P004,E0089,T001,P004,P002,ESV Shakira 2026,Super Selectos,2026-02-06,Compras Super,Jamón de Pavo Kreef,$,26.42,5.17,136.5914,5.17,true,5,1.034,27.318279999999998,1.034
E0089_P005,E0089,T001,P005,P002,ESV Shakira 2026,Super Selectos,2026-02-06,Compras Super,Jamón de Pavo Kreef,$,26.42,5.17,136.5914,5.17,true,5,1.034,27.318279999999998,1.034
E0090_P001,E0090,T001,P001,P002,ESV Shakira 2026,Super Selectos,2026-02-06,Compras Super,Leche LTO Delactomy,$,26.42,2.11,55.7462,2.11,true,5,0.422,11.14924,0.422
E0090_P002,E0090,T001,P002,P002,ESV Shakira 2026,Super Selectos,2026-02-06,Compras Super,Leche LTO Delactomy,$,26.42,2.11,55.7462,2.11,true,5,0.422,11.14924,0.422
E0090_P003,E0090,T001,P003,P002,ESV Shakira 2026,Super Selectos,2026-02-06,Compras Super,Leche LTO Delactomy,$,26.42,2.11,55.7462,2.11,true,5,0.422,11.14924,0.422
E0090_P004,E0090,T001,P004,P002,ESV Shakira 2026,Super Selectos,2026-02-06,Compras Super,Leche LTO Delactomy,$,26.42,2.11,55.7462,2.11,true,5,0.422,11.14924,0.422
E0090_P005,E0090,T001,P005,P002,ESV Shakira 2026,Super Selectos,2026-02-06,Compras Super,Leche LTO Delactomy,$,26.42,2.11,55.7462,2.11,true,5,0.422,11.14924,0.422
E0091_P005,E0091,T001,P005,P002,ESV Shakira 2026,Super Selectos,2026-02-06,Compras Super,Toalla Húmeda Saba,$,26.42,1.69,44.6498,1.69,false,1,1.69,44.6498,1.69
E0092_P001,E0092,T001,P001,P002,ESV Shakira 2026,Super Selectos,2026-02-06,Compras Super,Gaseosa Coca Cola SF,$,26.42,1.1,29.062000000000005,1.1,true,5,0.22000000000000003,5.812400000000001,0.22000000000000003
E0092_P002,E0092,T001,P002,P002,ESV Shakira 2026,Super Selectos,2026-02-06,Compras Super,Gaseosa Coca Cola SF,$,26.42,1.1,29.062000000000005,1.1,true,5,0.22000000000000003,5.812400000000001,0.22000000000000003
E0092_P003,E0092,T001,P003,P002,ESV Shakira 2026,Super Selectos,2026-02-06,Compras Super,Gaseosa Coca Cola SF,$,26.42,1.1,29.062000000000005,1.1,true,5,0.22000000000000003,5.812400000000001,0.22000000000000003
E0092_P004,E0092,T001,P004,P002,ESV Shakira 2026,Super Selectos,2026-02-06,Compras Super,Gaseosa Coca Cola SF,$,26.42,1.1,29.062000000000005,1.1,true,5,0.22000000000000003,5.812400000000001,0.22000000000000003
E0092_P005,E0092,T001,P005,P002,ESV Shakira 2026,Super Selectos,2026-02-06,Compras Super,Gaseosa Coca Cola SF,$,26.42,1.1,29.062000000000005,1.1,true,5,0.22000000000000003,5.812400000000001,0.22000000000000003
E0093_P001,E0093,T001,P001,P002,ESV Shakira 2026,Super Selectos,2026-02-06,Compras Super,Jabón de Tocador DK,$,26.42,0.99,26.155800000000003,0.99,true,5,0.198,5.231160000000001,0.198
E0093_P002,E0093,T001,P002,P002,ESV Shakira 2026,Super Selectos,2026-02-06,Compras Super,Jabón de Tocador DK,$,26.42,0.99,26.155800000000003,0.99,true,5,0.198,5.231160000000001,0.198
E0093_P003,E0093,T001,P003,P002,ESV Shakira 2026,Super Selectos,2026-02-06,Compras Super,Jabón de Tocador DK,$,26.42,0.99,26.155800000000003,0.99,true,5,0.198,5.231160000000001,0.198
E0093_P004,E0093,T001,P004,P002,ESV Shakira 2026,Super Selectos,2026-02-06,Compras Super,Jabón de Tocador DK,$,26.42,0.99,26.155800000000003,0.99,true,5,0.198,5.231160000000001,0.198
E0093_P005,E0093,T001,P005,P002,ESV Shakira 2026,Super Selectos,2026-02-06,Compras Super,Jabón de Tocador DK,$,26.42,0.99,26.155800000000003,0.99,true,5,0.198,5.231160000000001,0.198
E0094_P003,E0094,T001,P003,P002,ESV Shakira 2026,Super Selectos,2026-02-06,Compras Super,Yog Dos Pinos Griego,$,26.42,1.44,38.0448,1.44,false,1,1.44,38.0448,1.44
E0095_P001,E0095,T001,P001,P002,ESV Shakira 2026,Super Selectos,2026-02-06,Compras Super,Bloqueador Solar SPF,$,26.42,7.25,191.545,7.25,true,5,1.45,38.309,1.45
E0095_P002,E0095,T001,P002,P002,ESV Shakira 2026,Super Selectos,2026-02-06,Compras Super,Bloqueador Solar SPF,$,26.42,7.25,191.545,7.25,true,5,1.45,38.309,1.45
E0095_P003,E0095,T001,P003,P002,ESV Shakira 2026,Super Selectos,2026-02-06,Compras Super,Bloqueador Solar SPF,$,26.42,7.25,191.545,7.25,true,5,1.45,38.309,1.45
E0095_P004,E0095,T001,P004,P002,ESV Shakira 2026,Super Selectos,2026-02-06,Compras Super,Bloqueador Solar SPF,$,26.42,7.25,191.545,7.25,true,5,1.45,38.309,1.45
E0095_P005,E0095,T001,P005,P002,ESV Shakira 2026,Super Selectos,2026-02-06,Compras Super,Bloqueador Solar SPF,$,26.42,7.25,191.545,7.25,true,5,1.45,38.309,1.45
E0096_P001,E0096,T001,P001,P002,ESV Shakira 2026,Super Selectos,2026-02-06,Compras Super,Sandwich Slices Amer,$,26.42,1.22,32.2324,1.22,true,5,0.244,6.446479999999999,0.244
E0096_P002,E0096,T001,P002,P002,ESV Shakira 2026,Super Selectos,2026-02-06,Compras Super,Sandwich Slices Amer,$,26.42,1.22,32.2324,1.22,true,5,0.244,6.446479999999999,0.244
E0096_P003,E0096,T001,P003,P002,ESV Shakira 2026,Super Selectos,2026-02-06,Compras Super,Sandwich Slices Amer,$,26.42,1.22,32.2324,1.22,true,5,0.244,6.446479999999999,0.244
E0096_P004,E0096,T001,P004,P002,ESV Shakira 2026,Super Selectos,2026-02-06,Compras Super,Sandwich Slices Amer,$,26.42,1.22,32.2324,1.22,true,5,0.244,6.446479999999999,0.244
E0096_P005,E0096,T001,P005,P002,ESV Shakira 2026,Super Selectos,2026-02-06,Compras Super,Sandwich Slices Amer,$,26.42,1.22,32.2324,1.22,true,5,0.244,6.446479999999999,0.244
E0097_P001,E0097,T001,P001,P002,ESV Shakira 2026,Super Selectos,2026-02-06,Compras Super,Mayonesa Hellmann’s,$,26.42,2.05,54.161,2.05,true,5,0.41,10.8322,0.41
E0097_P002,E0097,T001,P002,P002,ESV Shakira 2026,Super Selectos,2026-02-06,Compras Super,Mayonesa Hellmann’s,$,26.42,2.05,54.161,2.05,true,5,0.41,10.8322,0.41
E0097_P003,E0097,T001,P003,P002,ESV Shakira 2026,Super Selectos,2026-02-06,Compras Super,Mayonesa Hellmann’s,$,26.42,2.05,54.161,2.05,true,5,0.41,10.8322,0.41
E0097_P004,E0097,T001,P004,P002,ESV Shakira 2026,Super Selectos,2026-02-06,Compras Super,Mayonesa Hellmann’s,$,26.42,2.05,54.161,2.05,true,5,0.41,10.8322,0.41
E0097_P005,E0097,T001,P005,P002,ESV Shakira 2026,Super Selectos,2026-02-06,Compras Super,Mayonesa Hellmann’s,$,26.42,2.05,54.161,2.05,true,5,0.41,10.8322,0.41
E0098_P002,E0098,T001,P002,P002,ESV Shakira 2026,Super Selectos,2026-02-06,Compras Super,Bebida Hidratante Suer,$,26.42,2.25,59.44500000000001,2.25,false,1,2.25,59.44500000000001,2.25
E0099_P001,E0099,T001,P001,P002,ESV Shakira 2026,Super Selectos,2026-02-06,Compras Super,Pan Bimbo Blanco Cero,$,26.42,2.55,67.371,2.55,true,5,0.51,13.4742,0.51
E0099_P002,E0099,T001,P002,P002,ESV Shakira 2026,Super Selectos,2026-02-06,Compras Super,Pan Bimbo Blanco Cero,$,26.42,2.55,67.371,2.55,true,5,0.51,13.4742,0.51
E0099_P003,E0099,T001,P003,P002,ESV Shakira 2026,Super Selectos,2026-02-06,Compras Super,Pan Bimbo Blanco Cero,$,26.42,2.55,67.371,2.55,true,5,0.51,13.4742,0.51
E0099_P004,E0099,T001,P004,P002,ESV Shakira 2026,Super Selectos,2026-02-06,Compras Super,Pan Bimbo Blanco Cero,$,26.42,2.55,67.371,2.55,true,5,0.51,13.4742,0.51
E0099_P005,E0099,T001,P005,P002,ESV Shakira 2026,Super Selectos,2026-02-06,Compras Super,Pan Bimbo Blanco Cero,$,26.42,2.55,67.371,2.55,true,5,0.51,13.4742,0.51
E0100_P001,E0100,T001,P001,P002,ESV Shakira 2026,Maktub,2026-02-06,Compras Super,Descuentos,$,26.42,-1.32,-34.8744,-1.32,true,5,-0.264,-6.974880000000001,-0.264
E0100_P002,E0100,T001,P002,P002,ESV Shakira 2026,Maktub,2026-02-06,Compras Super,Descuentos,$,26.42,-1.32,-34.8744,-1.32,true,5,-0.264,-6.974880000000001,-0.264
E0100_P003,E0100,T001,P003,P002,ESV Shakira 2026,Maktub,2026-02-06,Compras Super,Descuentos,$,26.42,-1.32,-34.8744,-1.32,true,5,-0.264,-6.974880000000001,-0.264
E0100_P004,E0100,T001,P004,P002,ESV Shakira 2026,Maktub,2026-02-06,Compras Super,Descuentos,$,26.42,-1.32,-34.8744,-1.32,true,5,-0.264,-6.974880000000001,-0.264
E0100_P005,E0100,T001,P005,P002,ESV Shakira 2026,Maktub,2026-02-06,Compras Super,Descuentos,$,26.42,-1.32,-34.8744,-1.32,true,5,-0.264,-6.974880000000001,-0.264
E0101_P003,E0101,T001,P003,P002,ESV Shakira 2026,Maktub,2026-02-06,Restaurantes,Pupusa Revuelta Maíz,$,26.42,0.85,22.457,0.85,false,1,0.85,22.457,0.85
E0102_P003,E0102,T001,P003,P002,ESV Shakira 2026,Maktub,2026-02-06,Restaurantes,Pupusa Tocino Maíz,$,26.42,1.5,39.63,1.5,false,1,1.5,39.63,1.5
E0103_P003,E0103,T001,P003,P002,ESV Shakira 2026,Maktub,2026-02-06,Restaurantes,Pupusa Chorizo Argentino y Queso,$,26.42,1.75,46.235,1.75,false,1,1.75,46.235,1.75
E0104_P002,E0104,T001,P002,P002,ESV Shakira 2026,Maktub,2026-02-06,Restaurantes,Pupusa Chorizo Argentino y Queso,$,26.42,1.75,46.235,1.75,false,1,1.75,46.235,1.75
E0105_P004,E0105,T001,P004,P002,ESV Shakira 2026,Maktub,2026-02-06,Restaurantes,Pupusa Chorizo Argentino y Queso,$,26.42,1.75,46.235,1.75,false,1,1.75,46.235,1.75
E0106_P003,E0106,T001,P003,P002,ESV Shakira 2026,Maktub,2026-02-06,Restaurantes,Pepsi Zero,$,26.42,1.0,26.42,1.0,false,1,1.0,26.42,1.0
E0107_P005,E0107,T001,P005,P002,ESV Shakira 2026,Maktub,2026-02-06,Restaurantes,Pupusa Jalapeño y Queso Maíz,$,26.42,1.25,33.025000000000006,1.25,false,1,1.25,33.025000000000006,1.25
E0108_P002,E0108,T001,P002,P002,ESV Shakira 2026,Maktub,2026-02-06,Restaurantes,Pupusa Revuelta Especial Maíz,$,26.42,1.5,39.63,1.5,false,1,1.5,39.63,1.5
E0109_P004,E0109,T001,P004,P002,ESV Shakira 2026,Maktub,2026-02-06,Restaurantes,Pupusa Revuelta Especial Maíz,$,26.42,1.5,39.63,1.5,false,1,1.5,39.63,1.5
E0110_P005,E0110,T001,P005,P002,ESV Shakira 2026,Maktub,2026-02-06,Restaurantes,Pupusa Revuelta Especial Maíz,$,26.42,1.5,39.63,1.5,false,1,1.5,39.63,1.5
E0111_P001,E0111,T001,P001,P002,ESV Shakira 2026,Maktub,2026-02-06,Restaurantes,Pupusa Revuelta Especial Maíz,$,26.42,1.5,39.63,1.5,false,1,1.5,39.63,1.5
E0112_P002,E0112,T001,P002,P002,ESV Shakira 2026,Maktub,2026-02-06,Restaurantes,Horchata,$,26.42,2.0,52.84,2.0,false,1,2.0,52.84,2.0
E0113_P004,E0113,T001,P004,P002,ESV Shakira 2026,Maktub,2026-02-06,Restaurantes,Horchata,$,26.42,2.0,52.84,2.0,false,1,2.0,52.84,2.0
E0114_P005,E0114,T001,P005,P002,ESV Shakira 2026,Maktub,2026-02-06,Restaurantes,Horchata,$,26.42,2.0,52.84,2.0,false,1,2.0,52.84,2.0
E0115_P001,E0115,T001,P001,P002,ESV Shakira 2026,Maktub,2026-02-06,Restaurantes,Pupusa con Carne Asada Maíz,$,26.42,1.5,39.63,1.5,false,1,1.5,39.63,1.5
E0116_P002,E0116,T001,P002,P002,ESV Shakira 2026,Maktub,2026-02-06,Restaurantes,Pupusa con Carne Asada Maíz,$,26.42,1.5,39.63,1.5,false,1,1.5,39.63,1.5
E0117_P001,E0117,T001,P001,P002,ESV Shakira 2026,Maktub,2026-02-06,Restaurantes,Pupusa Pollo y Queso Maíz,$,26.42,1.5,39.63,1.5,false,1,1.5,39.63,1.5
E0118_P001,E0118,T001,P001,P002,ESV Shakira 2026,Maktub,2026-02-06,Restaurantes,Pepsi,$,26.42,1.0,26.42,1.0,false,1,1.0,26.42,1.0
E0119_P004,E0119,T001,P004,P002,ESV Shakira 2026,Maktub,2026-02-06,Restaurantes,Pupusa Birria Maíz,$,26.42,2.5,66.05000000000001,2.5,false,1,2.5,66.05000000000001,2.5
E0120_P004,E0120,T001,P004,P002,ESV Shakira 2026,Maktub,2026-02-06,Restaurantes,Pupusa Margarita Maíz,$,26.42,2.0,52.84,2.0,false,1,2.0,52.84,2.0
E0121_P002,E0121,T001,P002,P002,ESV Shakira 2026,Maktub,2026-02-06,Restaurantes,Pupusa Queso y Cilantro Maíz,$,26.42,1.25,33.025000000000006,1.25,false,1,1.25,33.025000000000006,1.25
E0122_P001,E0122,T001,P001,P002,ESV Shakira 2026,Maktub,2026-02-06,Restaurantes,Servicio,$,26.42,3.31,87.45020000000001,3.31,true,5,0.662,17.49004,0.662
E0122_P002,E0122,T001,P002,P002,ESV Shakira 2026,Maktub,2026-02-06,Restaurantes,Servicio,$,26.42,3.31,87.45020000000001,3.31,true,5,0.662,17.49004,0.662
E0122_P003,E0122,T001,P003,P002,ESV Shakira 2026,Maktub,2026-02-06,Restaurantes,Servicio,$,26.42,3.31,87.45020000000001,3.31,true,5,0.662,17.49004,0.662
E0122_P004,E0122,T001,P004,P002,ESV Shakira 2026,Maktub,2026-02-06,Restaurantes,Servicio,$,26.42,3.31,87.45020000000001,3.31,true,5,0.662,17.49004,0.662
E0122_P005,E0122,T001,P005,P002,ESV Shakira 2026,Maktub,2026-02-06,Restaurantes,Servicio,$,26.42,3.31,87.45020000000001,3.31,true,5,0.662,17.49004,0.662
E0123_P002,E0123,T001,P002,P002,ESV Shakira 2026,Olive Garden,2026-02-07,Restaurantes,Chicken Alfredo,$,26.42,15.99,422.4558,15.99,false,1,15.99,422.4558,15.99
E0124_P004,E0124,T001,P004,P002,ESV Shakira 2026,Olive Garden,2026-02-07,Restaurantes,Sirloin with Fettuccine Alfredo,$,26.42,17.95,474.239,17.95,false,1,17.95,474.239,17.95
E0125_P005,E0125,T001,P005,P002,ESV Shakira 2026,Olive Garden,2026-02-07,Restaurantes,Shrimp Alfredo,$,26.42,17.99,475.2958,17.99,false,1,17.99,475.2958,17.99
E0126_P001,E0126,T001,P001,P002,ESV Shakira 2026,Olive Garden,2026-02-07,Restaurantes,Tour of Italy,$,26.42,17.95,474.239,17.95,false,1,17.95,474.239,17.95
E0127_P003,E0127,T001,P003,P002,ESV Shakira 2026,Olive Garden,2026-02-07,Restaurantes,Chicken Parmigiana,$,26.42,15.95,421.399,15.95,false,1,15.95,421.399,15.95
E0128_P004,E0128,T001,P004,P002,ESV Shakira 2026,Olive Garden,2026-02-07,Restaurantes,Soda,$,26.42,2.99,78.99580000000002,2.99,false,1,2.99,78.99580000000002,2.99
E0129_P002,E0129,T001,P002,P002,ESV Shakira 2026,Olive Garden,2026-02-07,Restaurantes,Soda,$,26.42,2.99,78.99580000000002,2.99,false,1,2.99,78.99580000000002,2.99
E0130_P001,E0130,T001,P001,P002,ESV Shakira 2026,Olive Garden,2026-02-07,Restaurantes,Soda,$,26.42,2.99,78.99580000000002,2.99,false,1,2.99,78.99580000000002,2.99
E0131_P005,E0131,T001,P005,P002,ESV Shakira 2026,Olive Garden,2026-02-07,Restaurantes,Mocktail Strawberry Mojito,$,26.42,2.99,78.99580000000002,2.99,false,1,2.99,78.99580000000002,2.99
E0132_P003,E0132,T001,P003,P002,ESV Shakira 2026,Olive Garden,2026-02-07,Restaurantes,Limonada con Soda,$,26.42,3.75,99.075,3.75,false,1,3.75,99.075,3.75
E0133_P001,E0133,T001,P001,P002,ESV Shakira 2026,Olive Garden,2026-02-07,Restaurantes,Café Toscano,$,26.42,2.75,72.655,2.75,true,5,0.55,14.531,0.55
E0133_P002,E0133,T001,P002,P002,ESV Shakira 2026,Olive Garden,2026-02-07,Restaurantes,Café Toscano,$,26.42,2.75,72.655,2.75,true,5,0.55,14.531,0.55
E0133_P003,E0133,T001,P003,P002,ESV Shakira 2026,Olive Garden,2026-02-07,Restaurantes,Café Toscano,$,26.42,2.75,72.655,2.75,true,5,0.55,14.531,0.55
E0133_P004,E0133,T001,P004,P002,ESV Shakira 2026,Olive Garden,2026-02-07,Restaurantes,Café Toscano,$,26.42,2.75,72.655,2.75,true,5,0.55,14.531,0.55
E0133_P005,E0133,T001,P005,P002,ESV Shakira 2026,Olive Garden,2026-02-07,Restaurantes,Café Toscano,$,26.42,2.75,72.655,2.75,true,5,0.55,14.531,0.55
E0134_P001,E0134,T001,P001,P002,ESV Shakira 2026,Olive Garden,2026-02-07,Restaurantes,Servicio,$,26.42,9.23,243.8566,9.23,true,5,1.846,48.771319999999996,1.846
E0134_P002,E0134,T001,P002,P002,ESV Shakira 2026,Olive Garden,2026-02-07,Restaurantes,Servicio,$,26.42,9.23,243.8566,9.23,true,5,1.846,48.771319999999996,1.846
E0134_P003,E0134,T001,P003,P002,ESV Shakira 2026,Olive Garden,2026-02-07,Restaurantes,Servicio,$,26.42,9.23,243.8566,9.23,true,5,1.846,48.771319999999996,1.846
E0134_P004,E0134,T001,P004,P002,ESV Shakira 2026,Olive Garden,2026-02-07,Restaurantes,Servicio,$,26.42,9.23,243.8566,9.23,true,5,1.846,48.771319999999996,1.846
E0134_P005,E0134,T001,P005,P002,ESV Shakira 2026,Olive Garden,2026-02-07,Restaurantes,Servicio,$,26.42,9.23,243.8566,9.23,true,5,1.846,48.771319999999996,1.846
E0135_P001,E0135,T001,P001,P002,ESV Shakira 2026,Bershka,2026-02-07,Souvenires,Gorra,$,26.42,8.95,236.459,8.95,false,1,8.95,236.459,8.95
E0136_P002,E0136,T001,P002,P002,ESV Shakira 2026,Megapaca,2026-02-07,Ropa,Short,$,26.42,3.0,79.26,3.0,false,1,3.0,79.26,3.0
E0137_P001,E0137,T001,P001,P002,ESV Shakira 2026,Megapaca,2026-02-07,Ropa,Cinchos,$,26.42,1.9,50.198,1.9,false,1,1.9,50.198,1.9
E0138_P001,E0138,T001,P001,P002,ESV Shakira 2026,Megapaca,2026-02-07,Ropa,Pañuelos,$,26.42,0.85,22.457,0.85,false,1,0.85,22.457,0.85
E0139_P002,E0139,T001,P002,P002,ESV Shakira 2026,Megapaca,2026-02-07,Ropa,Zapatos,$,26.42,7.15,188.903,7.15,false,1,7.15,188.903,7.15
E0140_P005,E0140,T001,P005,P002,ESV Shakira 2026,Megapaca,2026-02-07,Ropa,Sandalias,$,26.42,1.85,48.877,1.85,false,1,1.85,48.877,1.85
E0141_P001,E0141,T001,P001,P002,ESV Shakira 2026,La Nevería,2026-02-07,Restaurantes,Cafe Mocca,$,26.42,2.5,66.05000000000001,2.5,false,1,2.5,66.05000000000001,2.5
E0142_P004,E0142,T001,P004,P002,ESV Shakira 2026,La Nevería,2026-02-07,Restaurantes,Smoothie de Yogurt,$,26.42,3.0,79.26,3.0,false,1,3.0,79.26,3.0
E0143_P003,E0143,T001,P003,P002,ESV Shakira 2026,La Nevería,2026-02-07,Restaurantes,Smoothie de Yogurt,$,26.42,3.0,79.26,3.0,false,1,3.0,79.26,3.0
E0144_P002,E0144,T001,P002,P002,ESV Shakira 2026,La Nevería,2026-02-07,Restaurantes,Smoothie de Yogurt,$,26.42,3.0,79.26,3.0,false,1,3.0,79.26,3.0
E0145_P001,E0145,T001,P001,P002,ESV Shakira 2026,La Nevería,2026-02-07,Compras Super,Tortilla Jalapeña DI,$,26.42,2.1,55.482000000000006,2.1,true,5,0.42000000000000004,11.096400000000001,0.42000000000000004
E0145_P002,E0145,T001,P002,P002,ESV Shakira 2026,La Nevería,2026-02-07,Compras Super,Tortilla Jalapeña DI,$,26.42,2.1,55.482000000000006,2.1,true,5,0.42000000000000004,11.096400000000001,0.42000000000000004
E0145_P003,E0145,T001,P003,P002,ESV Shakira 2026,La Nevería,2026-02-07,Compras Super,Tortilla Jalapeña DI,$,26.42,2.1,55.482000000000006,2.1,true,5,0.42000000000000004,11.096400000000001,0.42000000000000004
E0145_P004,E0145,T001,P004,P002,ESV Shakira 2026,La Nevería,2026-02-07,Compras Super,Tortilla Jalapeña DI,$,26.42,2.1,55.482000000000006,2.1,true,5,0.42000000000000004,11.096400000000001,0.42000000000000004
E0145_P005,E0145,T001,P005,P002,ESV Shakira 2026,La Nevería,2026-02-07,Compras Super,Tortilla Jalapeña DI,$,26.42,2.1,55.482000000000006,2.1,true,5,0.42000000000000004,11.096400000000001,0.42000000000000004
E0146_P004,E0146,T001,P004,P002,ESV Shakira 2026,La Nevería,2026-02-07,Compras Super,Agua Cristal 1L PET,$,26.42,0.65,17.173000000000002,0.65,false,1,0.65,17.173000000000002,0.65
E0147_P001,E0147,T001,P001,P002,ESV Shakira 2026,La Nevería,2026-02-07,Compras Super,Agua Cristal 1L PET,$,26.42,0.65,17.173000000000002,0.65,false,1,0.65,17.173000000000002,0.65
E0148_P002,E0148,T001,P002,P002,ESV Shakira 2026,La Nevería,2026-02-07,Compras Super,Agua Cristal 1L PET,$,26.42,0.65,17.173000000000002,0.65,false,1,0.65,17.173000000000002,0.65
E0149_P003,E0149,T001,P003,P002,ESV Shakira 2026,La Nevería,2026-02-07,Compras Super,Agua Cristal 1L PET,$,26.42,0.65,17.173000000000002,0.65,false,1,0.65,17.173000000000002,0.65
E0150_P005,E0150,T001,P005,P002,ESV Shakira 2026,La Nevería,2026-02-07,Compras Super,Agua Cristal 1L PET,$,26.42,0.65,17.173000000000002,0.65,false,1,0.65,17.173000000000002,0.65
E0151_P001,E0151,T001,P001,P002,ESV Shakira 2026,La Nevería,2026-02-07,Compras Super,6 Pack Cerveza Pilsener,$,26.42,7.55,199.471,7.55,false,1,7.55,199.471,7.55
E0152_P003,E0152,T001,P003,P002,ESV Shakira 2026,La Nevería,2026-02-07,Compras Super,Caramelo Halls Yerba,$,26.42,0.9,23.778,0.9,false,1,0.9,23.778,0.9
E0153_P005,E0153,T001,P005,P002,ESV Shakira 2026,La Nevería,2026-02-07,Compras Super,Galleta Florentinas,$,26.42,1.05,27.741000000000003,1.05,false,1,1.05,27.741000000000003,1.05
E0154_P003,E0154,T001,P003,P002,ESV Shakira 2026,La Nevería,2026-02-07,Compras Super,Bebida Supl. Alimenticia,$,26.42,0.5,13.21,0.5,false,1,0.5,13.21,0.5
E0155_P001,E0155,T001,P001,P002,ESV Shakira 2026,El Tunco,2026-02-07,Compras Super,Off,$,26.42,7.4,195.508,7.4,true,5,1.48,39.101600000000005,1.48
E0155_P002,E0155,T001,P002,P002,ESV Shakira 2026,El Tunco,2026-02-07,Compras Super,Off,$,26.42,7.4,195.508,7.4,true,5,1.48,39.101600000000005,1.48
E0155_P003,E0155,T001,P003,P002,ESV Shakira 2026,El Tunco,2026-02-07,Compras Super,Off,$,26.42,7.4,195.508,7.4,true,5,1.48,39.101600000000005,1.48
E0155_P004,E0155,T001,P004,P002,ESV Shakira 2026,El Tunco,2026-02-07,Compras Super,Off,$,26.42,7.4,195.508,7.4,true,5,1.48,39.101600000000005,1.48
E0155_P005,E0155,T001,P005,P002,ESV Shakira 2026,El Tunco,2026-02-07,Compras Super,Off,$,26.42,7.4,195.508,7.4,true,5,1.48,39.101600000000005,1.48
E0156_P001,E0156,T001,P001,P002,ESV Shakira 2026,El Tunco,2026-02-07,Amenidades,Baños,$,26.42,5.0,132.10000000000002,5.0,true,5,1.0,26.420000000000005,1.0
E0156_P002,E0156,T001,P002,P002,ESV Shakira 2026,El Tunco,2026-02-07,Amenidades,Baños,$,26.42,5.0,132.10000000000002,5.0,true,5,1.0,26.420000000000005,1.0
E0156_P003,E0156,T001,P003,P002,ESV Shakira 2026,El Tunco,2026-02-07,Amenidades,Baños,$,26.42,5.0,132.10000000000002,5.0,true,5,1.0,26.420000000000005,1.0
E0156_P004,E0156,T001,P004,P002,ESV Shakira 2026,El Tunco,2026-02-07,Amenidades,Baños,$,26.42,5.0,132.10000000000002,5.0,true,5,1.0,26.420000000000005,1.0
E0156_P005,E0156,T001,P005,P002,ESV Shakira 2026,El Tunco,2026-02-07,Amenidades,Baños,$,26.42,5.0,132.10000000000002,5.0,true,5,1.0,26.420000000000005,1.0
E0157_P004,E0157,T001,P004,P002,ESV Shakira 2026,El Tunco,2026-02-07,Restaurantes,Pupusa,$,26.42,1.5,39.63,1.5,false,1,1.5,39.63,1.5
E0158_P004,E0158,T001,P004,P002,ESV Shakira 2026,El Tunco,2026-02-07,Restaurantes,Pupusa,$,26.42,1.5,39.63,1.5,false,1,1.5,39.63,1.5
E0159_P004,E0159,T001,P004,P002,ESV Shakira 2026,El Tunco,2026-02-07,Restaurantes,Pupusa,$,26.42,1.5,39.63,1.5,false,1,1.5,39.63,1.5
E0160_P002,E0160,T001,P002,P002,ESV Shakira 2026,El Tunco,2026-02-07,Restaurantes,Pupusa,$,26.42,1.5,39.63,1.5,false,1,1.5,39.63,1.5
E0161_P002,E0161,T001,P002,P002,ESV Shakira 2026,El Tunco,2026-02-07,Restaurantes,Pupusa,$,26.42,1.5,39.63,1.5,false,1,1.5,39.63,1.5
E0162_P002,E0162,T001,P002,P002,ESV Shakira 2026,El Tunco,2026-02-07,Restaurantes,Pupusa,$,26.42,1.5,39.63,1.5,false,1,1.5,39.63,1.5
E0163_P001,E0163,T001,P001,P002,ESV Shakira 2026,El Tunco,2026-02-07,Restaurantes,Pupusa,$,26.42,1.5,39.63,1.5,false,1,1.5,39.63,1.5
E0164_P001,E0164,T001,P001,P002,ESV Shakira 2026,El Tunco,2026-02-07,Restaurantes,Pupusa,$,26.42,1.5,39.63,1.5,false,1,1.5,39.63,1.5
E0165_P005,E0165,T001,P005,P002,ESV Shakira 2026,El Tunco,2026-02-07,Restaurantes,Pupusa,$,26.42,1.5,39.63,1.5,false,1,1.5,39.63,1.5
E0166_P003,E0166,T001,P003,P002,ESV Shakira 2026,El Tunco,2026-02-07,Restaurantes,Pupusa,$,26.42,1.5,39.63,1.5,false,1,1.5,39.63,1.5
E0167_P003,E0167,T001,P003,P002,ESV Shakira 2026,El Tunco,2026-02-07,Restaurantes,Pupusa,$,26.42,1.25,33.025000000000006,1.25,false,1,1.25,33.025000000000006,1.25
E0168_P004,E0168,T001,P004,P002,ESV Shakira 2026,El Tunco,2026-02-07,Restaurantes,Fresco,$,26.42,1.25,33.025000000000006,1.25,false,1,1.25,33.025000000000006,1.25
E0169_P001,E0169,T001,P001,P002,ESV Shakira 2026,El Tunco,2026-02-07,Restaurantes,Fresco,$,26.42,1.25,33.025000000000006,1.25,false,1,1.25,33.025000000000006,1.25
E0170_P003,E0170,T001,P003,P002,ESV Shakira 2026,El Tunco,2026-02-07,Restaurantes,Fresco,$,26.42,1.25,33.025000000000006,1.25,false,1,1.25,33.025000000000006,1.25
E0171_P002,E0171,T001,P002,P002,ESV Shakira 2026,El Tunco,2026-02-07,Restaurantes,Fresco,$,26.42,1.25,33.025000000000006,1.25,false,1,1.25,33.025000000000006,1.25
E0172_P005,E0172,T001,P005,P002,ESV Shakira 2026,El Tunco,2026-02-07,Restaurantes,Jamaica,$,26.42,2.0,52.84,2.0,false,1,2.0,52.84,2.0
E0173_P001,E0173,T001,P001,P002,ESV Shakira 2026,El Tunco,2026-02-07,Entretenimiento,Cover Kakos,$,26.42,25.0,660.5,25.0,true,5,5.0,132.1,5.0
E0173_P002,E0173,T001,P002,P002,ESV Shakira 2026,El Tunco,2026-02-07,Entretenimiento,Cover Kakos,$,26.42,25.0,660.5,25.0,true,5,5.0,132.1,5.0
E0173_P003,E0173,T001,P003,P002,ESV Shakira 2026,El Tunco,2026-02-07,Entretenimiento,Cover Kakos,$,26.42,25.0,660.5,25.0,true,5,5.0,132.1,5.0
E0173_P004,E0173,T001,P004,P002,ESV Shakira 2026,El Tunco,2026-02-07,Entretenimiento,Cover Kakos,$,26.42,25.0,660.5,25.0,true,5,5.0,132.1,5.0
E0173_P005,E0173,T001,P005,P002,ESV Shakira 2026,El Tunco,2026-02-07,Entretenimiento,Cover Kakos,$,26.42,25.0,660.5,25.0,true,5,5.0,132.1,5.0
E0174_P001,E0174,T001,P001,P002,ESV Shakira 2026,El Tunco,2026-02-07,Restaurantes,Cervezas,$,26.42,8.0,211.36,8.0,false,1,8.0,211.36,8.0
E0175_P003,E0175,T001,P003,P002,ESV Shakira 2026,El Tunco,2026-02-07,Restaurantes,Cervezas,$,26.42,5.0,132.10000000000002,5.0,false,1,5.0,132.10000000000002,5.0
E0176_P002,E0176,T001,P002,P002,ESV Shakira 2026,El Tunco,2026-02-07,Amenidades,Duchas,$,26.42,1.0,26.42,1.0,false,1,1.0,26.42,1.0
E0177_P001,E0177,T001,P001,P002,ESV Shakira 2026,El Tunco,2026-02-07,Amenidades,Duchas,$,26.42,1.0,26.42,1.0,false,1,1.0,26.42,1.0
E0178_P004,E0178,T001,P004,P002,ESV Shakira 2026,El Tunco,2026-02-07,Amenidades,Duchas,$,26.42,1.0,26.42,1.0,false,1,1.0,26.42,1.0
E0179_P005,E0179,T001,P005,P002,ESV Shakira 2026,El Tunco,2026-02-07,Amenidades,Baños,$,26.42,1.0,26.42,1.0,false,1,1.0,26.42,1.0
E0180_P003,E0180,T001,P003,P002,ESV Shakira 2026,El Tunco,2026-02-07,Amenidades,Baños,$,26.42,1.0,26.42,1.0,false,1,1.0,26.42,1.0
E0181_P001,E0181,T001,P001,P002,ESV Shakira 2026,El Tunco,2026-02-07,Amenidades,Parqueo,$,26.42,3.0,79.26,3.0,true,5,0.6,15.852,0.6
E0181_P002,E0181,T001,P002,P002,ESV Shakira 2026,El Tunco,2026-02-07,Amenidades,Parqueo,$,26.42,3.0,79.26,3.0,true,5,0.6,15.852,0.6
E0181_P003,E0181,T001,P003,P002,ESV Shakira 2026,El Tunco,2026-02-07,Amenidades,Parqueo,$,26.42,3.0,79.26,3.0,true,5,0.6,15.852,0.6
E0181_P004,E0181,T001,P004,P002,ESV Shakira 2026,El Tunco,2026-02-07,Amenidades,Parqueo,$,26.42,3.0,79.26,3.0,true,5,0.6,15.852,0.6
E0181_P005,E0181,T001,P005,P002,ESV Shakira 2026,El Tunco,2026-02-07,Amenidades,Parqueo,$,26.42,3.0,79.26,3.0,true,5,0.6,15.852,0.6
E0182_P004,E0182,T001,P004,P002,ESV Shakira 2026,Starbucks,2026-02-08,Restaurantes,Hot Venti Green Tea Latte,$,26.42,5.2,137.384,5.2,false,1,5.2,137.384,5.2
E0183_P002,E0183,T001,P002,P002,ESV Shakira 2026,Starbucks,2026-02-08,Restaurantes,Hot Grande Green Tea Latte,$,26.42,4.75,125.495,4.75,false,1,4.75,125.495,4.75
E0184_P002,E0184,T001,P002,P002,ESV Shakira 2026,Starbucks,2026-02-08,Restaurantes,BunRoll Sausage & Cheddar,$,26.42,4.99,131.8358,4.99,false,1,4.99,131.8358,4.99
E0185_P004,E0185,T001,P004,P002,ESV Shakira 2026,Starbucks,2026-02-08,Restaurantes,Turkey & Swiss Ciabatta,$,26.42,6.25,165.125,6.25,false,1,6.25,165.125,6.25
E0186_P003,E0186,T001,P003,P002,ESV Shakira 2026,Starbucks,2026-02-08,Restaurantes,Chicken Chipotle Ciabatta,$,26.42,5.95,157.199,5.95,false,1,5.95,157.199,5.95
E0187_P003,E0187,T001,P003,P002,ESV Shakira 2026,Starbucks,2026-02-08,Restaurantes,Fresh Ground Strawberry Acai Lemonade,$,26.42,4.55,120.211,4.55,false,1,4.55,120.211,4.55
E0188_P005,E0188,T001,P005,P002,ESV Shakira 2026,Starbucks,2026-02-08,Restaurantes,Duo Lunch Espresso,$,26.42,4.38,115.7196,4.38,false,1,4.38,115.7196,4.38
E0189_P001,E0189,T001,P001,P002,ESV Shakira 2026,Starbucks,2026-02-08,Restaurantes,Duo Lunch Espresso,$,26.42,4.38,115.7196,4.38,false,1,4.38,115.7196,4.38
E0190_P005,E0190,T001,P005,P002,ESV Shakira 2026,Starbucks,2026-02-08,Restaurantes,Iced Grande Café Latte,$,26.42,0.25,6.605,0.25,false,1,0.25,6.605,0.25
E0191_P001,E0191,T001,P001,P002,ESV Shakira 2026,Starbucks,2026-02-08,Restaurantes,Iced Grande Café Latte,$,26.42,0.25,6.605,0.25,false,1,0.25,6.605,0.25
E0192_P001,E0192,T001,P001,P002,ESV Shakira 2026,Starbucks,2026-02-08,Restaurantes,Extra Jarabe Caramelo,$,26.42,0.5,13.21,0.5,true,5,0.1,2.6420000000000003,0.1
E0192_P002,E0192,T001,P002,P002,ESV Shakira 2026,Starbucks,2026-02-08,Restaurantes,Extra Jarabe Caramelo,$,26.42,0.5,13.21,0.5,true,5,0.1,2.6420000000000003,0.1
E0192_P003,E0192,T001,P003,P002,ESV Shakira 2026,Starbucks,2026-02-08,Restaurantes,Extra Jarabe Caramelo,$,26.42,0.5,13.21,0.5,true,5,0.1,2.6420000000000003,0.1
E0192_P004,E0192,T001,P004,P002,ESV Shakira 2026,Starbucks,2026-02-08,Restaurantes,Extra Jarabe Caramelo,$,26.42,0.5,13.21,0.5,true,5,0.1,2.6420000000000003,0.1
E0192_P005,E0192,T001,P005,P002,ESV Shakira 2026,Starbucks,2026-02-08,Restaurantes,Extra Jarabe Caramelo,$,26.42,0.5,13.21,0.5,true,5,0.1,2.6420000000000003,0.1
E0193_P001,E0193,T001,P001,P002,ESV Shakira 2026,Galaxy Bowling,2026-02-08,Entretenimiento,Alquiler de Zapatos,$,26.42,5.0,132.10000000000002,5.0,true,5,1.0,26.420000000000005,1.0
E0193_P002,E0193,T001,P002,P002,ESV Shakira 2026,Galaxy Bowling,2026-02-08,Entretenimiento,Alquiler de Zapatos,$,26.42,5.0,132.10000000000002,5.0,true,5,1.0,26.420000000000005,1.0
E0193_P003,E0193,T001,P003,P002,ESV Shakira 2026,Galaxy Bowling,2026-02-08,Entretenimiento,Alquiler de Zapatos,$,26.42,5.0,132.10000000000002,5.0,true,5,1.0,26.420000000000005,1.0
E0193_P004,E0193,T001,P004,P002,ESV Shakira 2026,Galaxy Bowling,2026-02-08,Entretenimiento,Alquiler de Zapatos,$,26.42,5.0,132.10000000000002,5.0,true,5,1.0,26.420000000000005,1.0
E0193_P005,E0193,T001,P005,P002,ESV Shakira 2026,Galaxy Bowling,2026-02-08,Entretenimiento,Alquiler de Zapatos,$,26.42,5.0,132.10000000000002,5.0,true,5,1.0,26.420000000000005,1.0
E0194_P001,E0194,T001,P001,P002,ESV Shakira 2026,Galaxy Bowling,2026-02-08,Entretenimiento,Big Mess Nachos,$,26.42,7.0,184.94,7.0,true,5,1.4,36.988,1.4
E0194_P002,E0194,T001,P002,P002,ESV Shakira 2026,Galaxy Bowling,2026-02-08,Entretenimiento,Big Mess Nachos,$,26.42,7.0,184.94,7.0,true,5,1.4,36.988,1.4
E0194_P003,E0194,T001,P003,P002,ESV Shakira 2026,Galaxy Bowling,2026-02-08,Entretenimiento,Big Mess Nachos,$,26.42,7.0,184.94,7.0,true,5,1.4,36.988,1.4
E0194_P004,E0194,T001,P004,P002,ESV Shakira 2026,Galaxy Bowling,2026-02-08,Entretenimiento,Big Mess Nachos,$,26.42,7.0,184.94,7.0,true,5,1.4,36.988,1.4
E0194_P005,E0194,T001,P005,P002,ESV Shakira 2026,Galaxy Bowling,2026-02-08,Entretenimiento,Big Mess Nachos,$,26.42,7.0,184.94,7.0,true,5,1.4,36.988,1.4
E0195_P001,E0195,T001,P001,P002,ESV Shakira 2026,Galaxy Bowling,2026-02-08,Entretenimiento,Pichel Fanta 1500 ml,$,26.42,4.0,105.68,4.0,true,5,0.8,21.136000000000003,0.8
E0195_P002,E0195,T001,P002,P002,ESV Shakira 2026,Galaxy Bowling,2026-02-08,Entretenimiento,Pichel Fanta 1500 ml,$,26.42,4.0,105.68,4.0,true,5,0.8,21.136000000000003,0.8
E0195_P003,E0195,T001,P003,P002,ESV Shakira 2026,Galaxy Bowling,2026-02-08,Entretenimiento,Pichel Fanta 1500 ml,$,26.42,4.0,105.68,4.0,true,5,0.8,21.136000000000003,0.8
E0195_P004,E0195,T001,P004,P002,ESV Shakira 2026,Galaxy Bowling,2026-02-08,Entretenimiento,Pichel Fanta 1500 ml,$,26.42,4.0,105.68,4.0,true,5,0.8,21.136000000000003,0.8
E0195_P005,E0195,T001,P005,P002,ESV Shakira 2026,Galaxy Bowling,2026-02-08,Entretenimiento,Pichel Fanta 1500 ml,$,26.42,4.0,105.68,4.0,true,5,0.8,21.136000000000003,0.8
E0196_P001,E0196,T001,P001,P002,ESV Shakira 2026,Galaxy Bowling,2026-02-08,Entretenimiento,"Pizza 16"" Pepperoni",$,26.42,17.0,449.14,17.0,true,5,3.4,89.828,3.4
E0196_P002,E0196,T001,P002,P002,ESV Shakira 2026,Galaxy Bowling,2026-02-08,Entretenimiento,"Pizza 16"" Pepperoni",$,26.42,17.0,449.14,17.0,true,5,3.4,89.828,3.4
E0196_P003,E0196,T001,P003,P002,ESV Shakira 2026,Galaxy Bowling,2026-02-08,Entretenimiento,"Pizza 16"" Pepperoni",$,26.42,17.0,449.14,17.0,true,5,3.4,89.828,3.4
E0196_P004,E0196,T001,P004,P002,ESV Shakira 2026,Galaxy Bowling,2026-02-08,Entretenimiento,"Pizza 16"" Pepperoni",$,26.42,17.0,449.14,17.0,true,5,3.4,89.828,3.4
E0196_P005,E0196,T001,P005,P002,ESV Shakira 2026,Galaxy Bowling,2026-02-08,Entretenimiento,"Pizza 16"" Pepperoni",$,26.42,17.0,449.14,17.0,true,5,3.4,89.828,3.4
E0197_P001,E0197,T001,P001,P002,ESV Shakira 2026,Galaxy Bowling,2026-02-08,Entretenimiento,Hora de Boliche,$,26.42,19.2,507.264,19.2,true,5,3.84,101.4528,3.84
E0197_P002,E0197,T001,P002,P002,ESV Shakira 2026,Galaxy Bowling,2026-02-08,Entretenimiento,Hora de Boliche,$,26.42,19.2,507.264,19.2,true,5,3.84,101.4528,3.84
E0197_P003,E0197,T001,P003,P002,ESV Shakira 2026,Galaxy Bowling,2026-02-08,Entretenimiento,Hora de Boliche,$,26.42,19.2,507.264,19.2,true,5,3.84,101.4528,3.84
E0197_P004,E0197,T001,P004,P002,ESV Shakira 2026,Galaxy Bowling,2026-02-08,Entretenimiento,Hora de Boliche,$,26.42,19.2,507.264,19.2,true,5,3.84,101.4528,3.84
E0197_P005,E0197,T001,P005,P002,ESV Shakira 2026,Galaxy Bowling,2026-02-08,Entretenimiento,Hora de Boliche,$,26.42,19.2,507.264,19.2,true,5,3.84,101.4528,3.84
E0198_P001,E0198,T001,P001,P002,ESV Shakira 2026,Galaxy Bowling,2026-02-08,Entretenimiento,Propina,$,26.42,2.8,73.976,2.8,true,5,0.5599999999999999,14.7952,0.5599999999999999
E0198_P002,E0198,T001,P002,P002,ESV Shakira 2026,Galaxy Bowling,2026-02-08,Entretenimiento,Propina,$,26.42,2.8,73.976,2.8,true,5,0.5599999999999999,14.7952,0.5599999999999999
E0198_P003,E0198,T001,P003,P002,ESV Shakira 2026,Galaxy Bowling,2026-02-08,Entretenimiento,Propina,$,26.42,2.8,73.976,2.8,true,5,0.5599999999999999,14.7952,0.5599999999999999
E0198_P004,E0198,T001,P004,P002,ESV Shakira 2026,Galaxy Bowling,2026-02-08,Entretenimiento,Propina,$,26.42,2.8,73.976,2.8,true,5,0.5599999999999999,14.7952,0.5599999999999999
E0198_P005,E0198,T001,P005,P002,ESV Shakira 2026,Galaxy Bowling,2026-02-08,Entretenimiento,Propina,$,26.42,2.8,73.976,2.8,true,5,0.5599999999999999,14.7952,0.5599999999999999
E0199_P001,E0199,T001,P001,P002,ESV Shakira 2026,El Boqueron,2026-02-08,Entretenimiento,Entrada,$,26.42,10.0,264.20000000000005,10.0,true,5,2.0,52.84000000000001,2.0
E0199_P002,E0199,T001,P002,P002,ESV Shakira 2026,El Boqueron,2026-02-08,Entretenimiento,Entrada,$,26.42,10.0,264.20000000000005,10.0,true,5,2.0,52.84000000000001,2.0
E0199_P003,E0199,T001,P003,P002,ESV Shakira 2026,El Boqueron,2026-02-08,Entretenimiento,Entrada,$,26.42,10.0,264.20000000000005,10.0,true,5,2.0,52.84000000000001,2.0
E0199_P004,E0199,T001,P004,P002,ESV Shakira 2026,El Boqueron,2026-02-08,Entretenimiento,Entrada,$,26.42,10.0,264.20000000000005,10.0,true,5,2.0,52.84000000000001,2.0
E0199_P005,E0199,T001,P005,P002,ESV Shakira 2026,El Boqueron,2026-02-08,Entretenimiento,Entrada,$,26.42,10.0,264.20000000000005,10.0,true,5,2.0,52.84000000000001,2.0
E0200_P002,E0200,T001,P002,P002,ESV Shakira 2026,El Boqueron,2026-02-08,Entretenimiento,Agua,$,26.42,1.1,29.062000000000005,1.1,false,1,1.1,29.062000000000005,1.1
E0201_P004,E0201,T001,P004,P002,ESV Shakira 2026,El Boqueron,2026-02-08,Entretenimiento,Agua,$,26.42,1.1,29.062000000000005,1.1,false,1,1.1,29.062000000000005,1.1
E0202_P003,E0202,T001,P003,P002,ESV Shakira 2026,El Boqueron,2026-02-08,Entretenimiento,Agua,$,26.42,1.1,29.062000000000005,1.1,false,1,1.1,29.062000000000005,1.1
E0203_P005,E0203,T001,P005,P002,ESV Shakira 2026,El Boqueron,2026-02-08,Entretenimiento,Agua,$,26.42,1.1,29.062000000000005,1.1,false,1,1.1,29.062000000000005,1.1
E0204_P001,E0204,T001,P001,P002,ESV Shakira 2026,El Boqueron,2026-02-08,Entretenimiento,Frozen,$,26.42,5.8,153.23600000000002,5.8,false,1,5.8,153.23600000000002,5.8
E0205_P001,E0205,T001,P001,P002,ESV Shakira 2026,Combustible,2026-02-08,Combustible,Combustible,$,26.42,54.02,1427.2084000000002,54.02,true,5,10.804,285.44168,10.804
E0205_P002,E0205,T001,P002,P002,ESV Shakira 2026,Combustible,2026-02-08,Combustible,Combustible,$,26.42,54.02,1427.2084000000002,54.02,true,5,10.804,285.44168,10.804
E0205_P003,E0205,T001,P003,P002,ESV Shakira 2026,Combustible,2026-02-08,Combustible,Combustible,$,26.42,54.02,1427.2084000000002,54.02,true,5,10.804,285.44168,10.804
E0205_P004,E0205,T001,P004,P002,ESV Shakira 2026,Combustible,2026-02-08,Combustible,Combustible,$,26.42,54.02,1427.2084000000002,54.02,true,5,10.804,285.44168,10.804
E0205_P005,E0205,T001,P005,P002,ESV Shakira 2026,Combustible,2026-02-08,Combustible,Combustible,$,26.42,54.02,1427.2084000000002,54.02,true,5,10.804,285.44168,10.804
E0206_P002,E0206,T001,P002,P002,ESV Shakira 2026,McDonalds,2026-02-08,Restaurantes,McNuggets Mediano,$,26.42,6.0,158.52,6.0,false,1,6.0,158.52,6.0
E0207_P003,E0207,T001,P003,P002,ESV Shakira 2026,McDonalds,2026-02-08,Restaurantes,McNuggets Mediano,$,26.42,6.0,158.52,6.0,false,1,6.0,158.52,6.0
E0208_P001,E0208,T001,P001,P002,ESV Shakira 2026,McDonalds,2026-02-08,Restaurantes,BigMac,$,26.42,7.25,191.545,7.25,false,1,7.25,191.545,7.25
E0209_P004,E0209,T001,P004,P002,ESV Shakira 2026,McDonalds,2026-02-08,Restaurantes,McSan McPollo Mediano,$,26.42,4.99,131.8358,4.99,false,1,4.99,131.8358,4.99
E0210_P004,E0210,T001,P004,P002,ESV Shakira 2026,Concierto Shakira,2026-02-08,Souvenires,Camisa,$,26.42,5.0,132.10000000000002,5.0,false,1,5.0,132.10000000000002,5.0
E0211_P003,E0211,T001,P003,P002,ESV Shakira 2026,Concierto Shakira,2026-02-08,Souvenires,Camisa,$,26.42,5.0,132.10000000000002,5.0,false,1,5.0,132.10000000000002,5.0
E0212_P001,E0212,T001,P001,P002,ESV Shakira 2026,Concierto Shakira,2026-02-08,Amenidades,Uber Ida,$,26.42,12.72,336.0624,12.72,true,5,2.544,67.21248,2.544
E0212_P002,E0212,T001,P002,P002,ESV Shakira 2026,Concierto Shakira,2026-02-08,Amenidades,Uber Ida,$,26.42,12.72,336.0624,12.72,true,5,2.544,67.21248,2.544
E0212_P003,E0212,T001,P003,P002,ESV Shakira 2026,Concierto Shakira,2026-02-08,Amenidades,Uber Ida,$,26.42,12.72,336.0624,12.72,true,5,2.544,67.21248,2.544
E0212_P004,E0212,T001,P004,P002,ESV Shakira 2026,Concierto Shakira,2026-02-08,Amenidades,Uber Ida,$,26.42,12.72,336.0624,12.72,true,5,2.544,67.21248,2.544
E0212_P005,E0212,T001,P005,P002,ESV Shakira 2026,Concierto Shakira,2026-02-08,Amenidades,Uber Ida,$,26.42,12.72,336.0624,12.72,true,5,2.544,67.21248,2.544
E0213_P001,E0213,T001,P001,P002,ESV Shakira 2026,Concierto Shakira,2026-02-08,Amenidades,Uber Regreso,$,26.42,23.45,619.549,23.45,true,5,4.6899999999999995,123.90979999999999,4.6899999999999995
E0213_P002,E0213,T001,P002,P002,ESV Shakira 2026,Concierto Shakira,2026-02-08,Amenidades,Uber Regreso,$,26.42,23.45,619.549,23.45,true,5,4.6899999999999995,123.90979999999999,4.6899999999999995
E0213_P003,E0213,T001,P003,P002,ESV Shakira 2026,Concierto Shakira,2026-02-08,Amenidades,Uber Regreso,$,26.42,23.45,619.549,23.45,true,5,4.6899999999999995,123.90979999999999,4.6899999999999995
E0213_P004,E0213,T001,P004,P002,ESV Shakira 2026,Concierto Shakira,2026-02-08,Amenidades,Uber Regreso,$,26.42,23.45,619.549,23.45,true,5,4.6899999999999995,123.90979999999999,4.6899999999999995
E0213_P005,E0213,T001,P005,P002,ESV Shakira 2026,Concierto Shakira,2026-02-08,Amenidades,Uber Regreso,$,26.42,23.45,619.549,23.45,true,5,4.6899999999999995,123.90979999999999,4.6899999999999995
E0214_P001,E0214,T001,P001,P002,ESV Shakira 2026,Starbucks,2026-02-09,Restaurantes,Iced Grande Caramel Macchiato,$,26.42,5.1,134.742,5.1,false,1,5.1,134.742,5.1
E0215_P005,E0215,T001,P005,P002,ESV Shakira 2026,Starbucks,2026-02-09,Restaurantes,Bun Roll Sausage & Cheddar,$,26.42,4.99,131.8358,4.99,false,1,4.99,131.8358,4.99
E0216_P004,E0216,T001,P004,P002,ESV Shakira 2026,Starbucks,2026-02-09,Restaurantes,Bun Roll Sausage & Cheddar,$,26.42,4.99,131.8358,4.99,false,1,4.99,131.8358,4.99
E0217_P001,E0217,T001,P001,P002,ESV Shakira 2026,Starbucks,2026-02-09,Restaurantes,Bun Roll Sausage & Cheddar,$,26.42,4.99,131.8358,4.99,false,1,4.99,131.8358,4.99
E0218_P005,E0218,T001,P005,P002,ESV Shakira 2026,Starbucks,2026-02-09,Restaurantes,Hot Grande Café Latte,$,26.42,4.2,110.964,4.2,false,1,4.2,110.964,4.2
E0219_P004,E0219,T001,P004,P002,ESV Shakira 2026,Starbucks,2026-02-09,Restaurantes,Venti Hot Pistachio Latte,$,26.42,5.9,155.878,5.9,false,1,5.9,155.878,5.9
E0220_P002,E0220,T001,P002,P002,ESV Shakira 2026,Starbucks,2026-02-09,Restaurantes,Chicken Chipotle Ciabatta,$,26.42,5.95,157.199,5.95,false,1,5.95,157.199,5.95
E0221_P002,E0221,T001,P002,P002,ESV Shakira 2026,Starbucks,2026-02-09,Restaurantes,Vanilla Cream Frappuccino,$,26.42,4.95,130.77900000000002,4.95,false,1,4.95,130.77900000000002,4.95
E0222_P003,E0222,T001,P003,P002,ESV Shakira 2026,Starbucks,2026-02-09,Restaurantes,Iced Alto Shaken Green Tea Lemonade,$,26.42,2.75,72.655,2.75,false,1,2.75,72.655,2.75
E0223_P003,E0223,T001,P003,P002,ESV Shakira 2026,Starbucks,2026-02-09,Restaurantes,Baguette Española,$,26.42,5.95,157.199,5.95,false,1,5.95,157.199,5.95
E0224_P002,E0224,T001,P002,P002,ESV Shakira 2026,Starbucks,2026-02-09,Restaurantes,Danish,$,26.42,2.85,75.29700000000001,2.85,false,1,2.85,75.29700000000001,2.85
E0225_P001,E0225,T001,P001,P002,ESV Shakira 2026,Starbucks,2026-02-09,Restaurantes,Bavarian Cake,$,26.42,5.5,145.31,5.5,false,1,5.5,145.31,5.5
E0226_P001,E0226,T001,P001,P002,ESV Shakira 2026,Airbnb,2026-01-06,Amenidades,Airbnb,$,26.42,222.53,5879.2426000000005,222.53,true,5,44.506,1175.84852,44.506
E0226_P002,E0226,T001,P002,P002,ESV Shakira 2026,Airbnb,2026-01-06,Amenidades,Airbnb,$,26.42,222.53,5879.2426000000005,222.53,true,5,44.506,1175.84852,44.506
E0226_P003,E0226,T001,P003,P002,ESV Shakira 2026,Airbnb,2026-01-06,Amenidades,Airbnb,$,26.42,222.53,5879.2426000000005,222.53,true,5,44.506,1175.84852,44.506
E0226_P004,E0226,T001,P004,P002,ESV Shakira 2026,Airbnb,2026-01-06,Amenidades,Airbnb,$,26.42,222.53,5879.2426000000005,222.53,true,5,44.506,1175.84852,44.506
E0226_P005,E0226,T001,P005,P002,ESV Shakira 2026,Airbnb,2026-01-06,Amenidades,Airbnb,$,26.42,222.53,5879.2426000000005,222.53,true,5,44.506,1175.84852,44.506
E0227_P001,E0227,T001,P001,P002,ESV Shakira 2026,Boleto Concierto,2026-01-06,Amenidades,Entradas,$,26.42,395.5,10449.11,395.5,true,5,79.1,2089.822,79.1
E0227_P002,E0227,T001,P002,P002,ESV Shakira 2026,Boleto Concierto,2026-01-06,Amenidades,Entradas,$,26.42,395.5,10449.11,395.5,true,5,79.1,2089.822,79.1
E0227_P003,E0227,T001,P003,P002,ESV Shakira 2026,Boleto Concierto,2026-01-06,Amenidades,Entradas,$,26.42,395.5,10449.11,395.5,true,5,79.1,2089.822,79.1
E0227_P004,E0227,T001,P004,P002,ESV Shakira 2026,Boleto Concierto,2026-01-06,Amenidades,Entradas,$,26.42,395.5,10449.11,395.5,true,5,79.1,2089.822,79.1
E0227_P005,E0227,T001,P005,P002,ESV Shakira 2026,Boleto Concierto,2026-01-06,Amenidades,Entradas,$,26.42,395.5,10449.11,395.5,true,5,79.1,2089.822,79.1
E0228_P001,E0228,T001,P001,P002,ESV Shakira 2026,Combustible,2026-02-09,Combustible,Gasolina Regreso,L,26.42,946.3,946.3,35.817562452687355,true,5,189.26,189.26,7.163512490537471
E0228_P002,E0228,T001,P002,P002,ESV Shakira 2026,Combustible,2026-02-09,Combustible,Gasolina Regreso,L,26.42,946.3,946.3,35.817562452687355,true,5,189.26,189.26,7.163512490537471
E0228_P003,E0228,T001,P003,P002,ESV Shakira 2026,Combustible,2026-02-09,Combustible,Gasolina Regreso,L,26.42,946.3,946.3,35.817562452687355,true,5,189.26,189.26,7.163512490537471
E0228_P004,E0228,T001,P004,P002,ESV Shakira 2026,Combustible,2026-02-09,Combustible,Gasolina Regreso,L,26.42,946.3,946.3,35.817562452687355,true,5,189.26,189.26,7.163512490537471
E0228_P005,E0228,T001,P005,P002,ESV Shakira 2026,Combustible,2026-02-09,Combustible,Gasolina Regreso,L,26.42,946.3,946.3,35.817562452687355,true,5,189.26,189.26,7.163512490537471
